timestamp,price,predicted_price,price_change_pct,signal,signal_type,confidence,portfolio_value,balance,btc_holdings,borrowed_btc,executed,total_cost,fee,slippage,effective_price,reason_not_executed,portfolio_change,open_positions,long_positions,short_positions,stop_loss_price,take_profit_price,rsi,macd,macd_signal,pnl,pnl_pct,close_reason,position_type,entry_price
2025-02-22 09:00:00,96493.95,86507.25367393754,-10.349556968144077,SHORT,short,0.8,99993.064,99993.064,0.0,0,True,6.936000000000002,4.896000000000001,0.40800000000000014,96469.8265125,,-6.936000000001513,1,0,1,97916.8739101875,92611.033452,,,,0,0,,,
2025-02-22 22:00:00,96634.06,93947.25484440585,-2.7803914640388174,SELL,market_sell,0.5560782928077634,99993.064,99993.064,0.0,0,False,0.0,0.0,0.0,96634.06,,0.0,1,0,1,,,54.49158792497931,,,0,0,,,
2025-02-23 11:00:00,96115.99,95844.95390640176,-0.2819885573651649,HOLD,regular,0.0,99993.064,99993.064,0.0,0,False,0.0,0.0,0.0,96115.99,,0.0,1,0,1,,,36.549311474534285,-82.12354927042907,,0,0,,,
2025-02-24 00:00:00,96247.35,97001.75296160649,0.7838168651983456,HOLD,regular,0.0,99993.064,99993.064,0.0,0,False,0.0,0.0,0.0,96247.35,,0.0,1,0,1,,,56.03877019388935,-106.73820194983273,-173.54707983088818,0,0,,,
2025-02-24 13:00:00,95594.57,95010.69249724524,-0.610785217983372,HOLD,regular,0.0,99993.064,99993.064,0.0,0,False,0.0,0.0,0.0,95594.57,,0.0,1,0,1,,,44.480599620183355,-98.62984001195582,-115.70420924940237,0,0,,,
2025-02-25 02:00:00,92376.68,91833.30837682149,-0.5882129810018151,HOLD,regular,0.0,100314.68341504,100314.68341504,0.0,0,False,0.0,0.0,0.0,92376.68,,321.61941503999697,0,0,0,,,29.40678685157961,-961.681277677606,-715.362797047136,0,0,,,
2025-02-25 15:00:00,87231.26,90389.12703201077,3.6201093874039856,BUY,strong,0.8038971802732556,100275.56620443673,80234.69323585145,0.22974416474765236,0,True,17.0534961805568,12.0377620098048,1.0031468341504,87253.067815,,-39.1172106032609,1,1,0,85944.271797775,90743.1905276,21.915422959011664,-1741.9001543248887,-1502.8904423281945,0,0,,,
2025-02-26 04:00:00,88693.95,89641.34937183048,1.0681668499717114,HOLD,regular,0.0,100611.61069677149,80234.69323585145,0.22974416474765236,0,False,0.0,0.0,0.0,88693.95,,0.0,1,1,0,,,42.84212546899437,-731.4297160698916,-1055.2777347784017,0,0,,,
2025-02-26 17:00:00,86051.33,89567.82591885107,4.0865096667896585,BUY,regular,0.6009297313563038,99930.85654844783,85938.17786828816,0.1626085114565884,0,True,11.906871162843672,8.404850232595532,0.7004041860496277,86072.84283250001,,-73.62762367821415,1,1,0,84781.7501900125,89515.75654580002,29.860540296554433,-716.1140148033883,-584.835918933332,0,0,,,
2025-02-27 06:00:00,86265.84,88460.33206491121,2.543871438464191,SHORT,strong_short,1.0,99948.74352483134,85921.18369287912,0.1626085114565884,0,True,16.994175409040864,11.995888524028846,0.999657377002404,86244.27354,,-16.9941754090396,2,1,1,87537.93764309998,82794.5025984,49.897415826911484,-779.4487217997375,-1033.3045058041655,0,0,,,
2025-02-27 19:00:00,84113.98,88306.13549344105,4.983898625937154,HOLD,max_positions_reached,0.0,99692.2530323446,99692.2530323446,0.0,0,False,0.0,0.0,0.0,84113.98,,93.42025897622807,1,0,1,,,36.06713728239398,-528.1608596365404,-436.6169874681685,0,0,,,
2025-02-28 08:00:00,78975.99,87955.04596589562,11.369349046331193,HOLD,regular,0.0,100480.2658285013,100480.2658285013,0.0,0,False,0.0,0.0,0.0,78975.99,,788.012796156705,0,0,0,,,19.860067419911843,-1732.6063419150742,-1308.8356335733058,0,0,,,
2025-02-28 21:00:00,84258.37,88521.68508709282,5.0598119653784215,SHORT,strong_short,1.0,100463.18418331046,100463.18418331046,0.0,0,True,17.081645190845222,12.057631899420155,1.0048026582850131,84237.3054075,,-17.081645190846757,1,0,1,85500.86498861249,80867.8131912,58.85477697655312,244.96550523237966,-301.47383281160927,0,0,,,
2025-03-01 10:00:00,84900.01,87803.19980348383,3.419540001801929,HOLD,regular,0.0,100463.18418331046,100463.18418331046,0.0,0,False,0.0,0.0,0.0,84900.01,,0.0,1,0,1,,,54.99643020124256,600.801350530819,569.5743340613632,0,0,,,
2025-03-01 23:00:00,86064.53,88269.29755583784,2.5617609900824876,HOLD,regular,0.0,100149.5833092705,100149.5833092705,0.0,0,False,0.0,0.0,0.0,86064.53,,-313.60087403995567,0,0,0,,,64.28374881781346,496.8093402513623,444.8257514912247,0,0,,,
2025-03-02 12:00:00,85986.18,89036.49840485677,3.5474519333883405,BUY,regular,0.5599999999999999,100123.41791274153,86718.13210828933,0.1559004691736766,0,True,11.407037538925906,8.052026498065345,0.6710022081721122,86007.676545,,-26.16539652897336,1,1,0,84717.561396825,89447.9836068,56.2112448943664,309.0001912137377,371.8517559067444,0,0,,,
2025-03-03 01:00:00,93084.64,93578.65473811938,0.5307156348452139,HOLD,regular,0.0,100647.77523835674,100647.77523835674,0.0,0,False,0.0,0.0,0.0,93084.64,,-582.2959187953675,0,0,0,,,68.92268971922199,2245.6614450517663,1933.7928418698966,0,0,,,
2025-03-03 14:00:00,89278.88,92299.09049779066,3.3828946978172847,BUY,strong,0.9500000000000001,100608.52814025785,80501.11006889486,0.22522032166356687,0,True,17.110121790520648,12.07773302860281,1.0064777523835675,89301.19972000002,,-39.24709809888736,1,1,0,87961.68172420001,92873.24770880002,40.92482834905839,712.7694880021445,1172.8938251153238,0,0,,,
2025-03-04 03:00:00,83983.72,92167.75455578204,9.744786913204178,BUY,regular,0.6,100262.70115613229,86237.53125955492,0.16699867422611625,0,True,11.934519101930423,8.424366424892062,0.702030535407672,84004.71593,,846.7506543344934,1,1,0,82744.64519105,87364.9045672,32.51302244145096,-1779.2934401302628,-1169.0335409121096,0,0,,,
2025-03-04 16:00:00,83555.37,91984.25776778576,10.087787018100414,BUY,regular,0.75,100008.88134665435,83770.16532968223,0.19434676690405567,0,True,13.818104730600922,9.753956280424179,0.8128296900353484,83576.2588425,,-182.28592737317376,1,1,0,82322.6149598625,86919.3091962,39.36253996011264,-1389.9079602366837,-1536.162489883079,0,0,,,
2025-03-05 05:00:00,87145.98,91002.50295126607,4.425359553321993,BUY,regular,0.75,100612.1832247272,84275.50742919729,0.1874633321643743,0,True,13.901462212687765,9.812796856014893,0.8177330713345745,87167.766495,,-94.52156664052745,1,1,0,85860.249997575,90654.47715480001,54.64391317795628,349.78140910106595,112.57808857751401,0,0,,,
2025-03-05 18:00:00,89712.0,91884.05656408987,2.4211438426184584,BUY,strong,0.8342287685236918,101053.79708809004,64039.678005291426,0.41258827228017014,0,True,17.185847040335698,12.131186146119315,1.0109321788432766,89734.42800000001,,-39.420796237594914,2,2,0,88388.41158000001,93323.80512000002,61.50707425606297,815.2544562852709,751.8734149850671,0,0,,,
2025-03-06 07:00:00,91346.48,92965.61414096763,1.7725194676003266,HOLD,max_positions_reached,0.0,101579.74537873875,81015.37453895001,0.22512494011579584,0,False,0.0,0.0,0.0,91346.48,,-148.41898862778908,1,1,0,,,59.297468377255704,1084.99156214908,1043.9759100278334,0,0,,,
2025-03-06 20:00:00,89045.44,92689.94471491482,4.092859460197867,BUY,regular,0.8,101028.22664852104,63820.278059137505,0.4178534980497995,0,True,14.603419101604265,10.30829583642654,0.8590246530355451,89067.70136,,-33.497238013660535,2,2,0,87731.6858396,92630.40941440001,44.605621409608574,-229.78694322631054,145.4269513050251,0,0,,,
2025-03-07 09:00:00,88933.7,92020.85981511178,3.471304820458139,HOLD,max_positions_reached,0.0,100836.88939630036,83696.82564356505,0.19272855793400367,0,False,0.0,0.0,0.0,88933.7,,-144.64630234858487,1,1,0,,,50.466613458540124,-419.47887098495266,-478.9557377177671,0,0,,,
2025-03-07 22:00:00,86745.15,91456.57395103617,5.431339908958807,BUY,regular,0.6,100559.17142137892,86492.53001255004,0.16216055201736224,0,True,11.969808696195697,8.449276726726374,0.7041063938938646,86766.8362875,,144.07811054502963,1,1,0,85465.3337431875,90237.509739,41.785569639427585,-537.9884165818366,-347.6715130092425,0,0,,,
2025-03-08 11:00:00,85955.88,90816.68893380689,5.655004560254496,BUY,regular,0.75,100399.36331828372,70158.59072399902,0.3518173811295364,0,True,13.872057146693681,9.792040338842599,0.8160033615702166,85977.36897000001,,-31.81964420445729,2,2,0,84687.70843545001,89416.46372880001,40.139862110503,-628.6569423553738,-643.497908108011,0,0,,,
2025-03-09 00:00:00,86416.12,91166.37628446029,5.496956221200738,HOLD,max_positions_reached,0.0,100561.28374977477,70158.59072399902,0.3518173811295364,0,False,0.0,0.0,0.0,86416.12,,0.0,2,2,0,,,48.061042484338074,-240.3474557462323,-348.7258588020373,0,0,,,
2025-03-09 13:00:00,83489.95,90476.24448617065,8.367826889548562,HOLD,max_positions_reached,0.0,100046.3858900469,100046.3858900469,5.551115123125783e-17,0,False,0.0,0.0,0.0,83489.95,,514.5796064119495,0,0,0,,,20.780487761020325,-545.6770632260304,-351.80192568983784,0,0,,,
2025-03-10 02:00:00,82198.12,89535.52912484553,8.926492631273728,SHORT,short,0.7717181519046372,100039.61983791889,100039.61983791889,5.551115123125783e-17,0,True,6.766052128013833,4.776036796245059,0.39800306635375493,82177.57046999999,,-6.76605212801951,1,0,1,83410.23402704998,78890.46765119999,39.36570711254618,-1143.4497616077424,-1098.2977162081825,0,0,,,
2025-03-10 15:00:00,80043.85,89458.31355564515,11.76163259968772,HOLD,regular,0.0,100039.61983791889,100039.61983791889,5.551115123125783e-17,0,False,0.0,0.0,0.0,80043.85,,0.0,1,0,1,,,35.29471589690277,-709.8562871514878,-636.3098662913778,0,0,,,
2025-03-11 04:00:00,79759.91,86863.7912988525,8.906581387632587,HOLD,regular,0.0,100039.61983791889,100039.61983791889,5.551115123125783e-17,0,False,0.0,0.0,0.0,79759.91,,0.0,1,0,1,,,46.296260683955396,-853.1433306951076,-1015.3255171719439,0,0,,,
2025-03-11 17:00:00,81305.57,89933.41294725152,10.61162592827467,HOLD,regular,0.0,100039.61983791889,100039.61983791889,5.551115123125783e-17,0,False,0.0,0.0,0.0,81305.57,,0.0,1,0,1,,,53.865954884062255,129.16433469955518,-49.054394457738354,0,0,,,
2025-03-12 06:00:00,81425.98,89727.43156886562,10.195089538824863,HOLD,regular,0.0,100039.61983791889,100039.61983791889,5.551115123125783e-17,0,False,0.0,0.0,0.0,81425.98,,0.0,1,0,1,,,46.67014162030829,296.9143406242947,447.71722178053176,0,0,,,
2025-03-12 19:00:00,82915.93,89887.49444481624,8.407991618517997,HOLD,regular,0.0,100039.61983791889,100039.61983791889,5.551115123125783e-17,0,False,0.0,0.0,0.0,82915.93,,0.0,1,0,1,,,55.13640967146329,164.79133102626656,219.65231831609702,0,0,,,
2025-03-13 08:00:00,82973.35,89399.0120347912,7.744248044451857,BUY,regular,0.5599999999999999,100013.48317079386,86622.91626693822,0.16138394923015195,0,True,11.39451269953896,8.043185434968677,0.6702654529140565,82994.09333750002,,-26.136667125028907,2,1,1,81749.18193743752,86313.85707100002,50.5000359429458,258.1937033015274,330.08395601807695,0,0,,,
2025-03-13 21:00:00,80819.99,89901.45464140612,11.23665647744588,HOLD,max_positions_reached,0.0,99801.40978792595,99801.40978792595,5.551115123125783e-17,0,False,0.0,0.0,0.0,80819.99,,135.44435804634122,1,0,1,,,40.18104084016887,-632.7217692110862,-393.0295763609986,0,0,,,
2025-03-14 10:00:00,83042.22,90151.62767271687,8.561196548836088,BUY,strong,0.9771421703402214,99673.96956413837,79753.33049003906,0.23988567591400264,0,True,16.951184855915184,11.965542251234247,0.9971285209361873,83062.980555,,-127.44022378757654,1,1,0,81817.035846675,86385.4997772,61.438880641391236,139.23282401403412,-82.09395659961645,0,0,,,
2025-03-14 23:00:00,83983.2,89640.2096550305,6.735882480103762,BUY,strong,0.95,99860.74179866689,59756.408104025206,0.4775280495937483,0,True,16.982948521868188,11.987963662495192,0.9989969718745993,84004.1958,,-38.955388793037855,2,2,0,82744.132863,87364.36363200001,57.70623757943514,589.7443901460065,568.8540853012797,0,0,,,
2025-03-15 12:00:00,84136.53,90013.26638011403,6.984762005414331,HOLD,max_positions_reached,0.0,99933.96117451109,59756.408104025206,0.4775280495937483,0,False,0.0,0.0,0.0,84136.53,,0.0,2,2,0,,,55.67627235460422,217.91255034894857,326.6509901994867,0,0,,,
2025-03-16 01:00:00,83869.31,89703.01951722387,6.955714214441346,HOLD,max_positions_reached,0.0,99806.35612909865,59756.408104025206,0.4775280495937483,0,False,0.0,0.0,0.0,83869.31,,0.0,2,2,0,,,43.92397905696584,103.39756691630464,170.80916865303618,0,0,,,
2025-03-16 14:00:00,83373.16,90015.29573631886,7.966755411836204,HOLD,max_positions_reached,0.0,99398.31722199127,79398.29038230497,0.23988567591400267,0,False,0.0,0.0,0.0,83373.16,,-171.1133653014549,1,1,0,,,44.228818659760215,-281.5000373875664,-117.21553417293362,0,0,,,
2025-03-17 03:00:00,83675.65,90281.74122588376,7.894878887566173,BUY,regular,0.75,99439.36484891636,63220.53292795581,0.43284793032334457,0,True,13.7394153331636,9.698410823409601,0.8082009019508002,83696.5689125,,-31.515391182125313,2,2,0,82441.1203788125,87044.43166900001,53.34454540464862,-191.12273386365268,-248.61943939450995,0,0,,,
2025-03-17 16:00:00,83448.86,90640.45333998566,8.61796475108906,HOLD,max_positions_reached,0.0,99341.19926679834,63220.53292795581,0.43284793032334457,0,False,0.0,0.0,0.0,83448.86,,0.0,2,2,0,,,51.29461935327375,-48.274519274316845,-75.7415760324462,0,0,,,
2025-03-18 05:00:00,83010.87,89835.6013775445,8.221491206566691,HOLD,max_positions_reached,0.0,99151.61620179602,63220.53292795581,0.43284793032334457,0,False,0.0,0.0,0.0,83010.87,,0.0,2,2,0,,,41.919193949767944,-75.80971894125105,36.36408920084576,0,0,,,
2025-03-18 18:00:00,81889.38,90112.28590305391,10.04148022985875,HOLD,max_positions_reached,0.0,98716.20408231458,98716.20408231457,1.1102230246251565e-16,0,False,0.0,0.0,0.0,81889.38,,50.02250589687901,0,0,0,,,41.00695152494826,-483.7142221385002,-373.9141761481978,0,0,,,
2025-03-19 07:00:00,83190.0,90383.61528614318,8.647211547233052,BUY,regular,0.75,98684.92779542379,82661.18574324957,0.19261620449782688,0,True,13.6351756888697,9.62482989802567,0.802069158168806,83210.7975,,-31.27628689078847,1,1,0,81962.6355375,86539.2294,56.04248627550946,87.59882425561955,-60.35279341654778,0,0,,,
2025-03-19 20:00:00,85353.99,91054.41560047824,6.678569567138262,BUY,strong,0.95,99063.10310356788,62823.988979043475,0.42457434180317055,0,True,16.84729704708516,11.892209680295407,0.9910174733579507,85375.32849750001,,-38.64423222717596,2,2,0,84094.69857003751,88790.34163740002,68.62902012966445,641.511904283645,457.6054883928831,0,0,,,
2025-03-20 09:00:00,85877.28,90233.59024335019,5.072715674448692,HOLD,max_positions_reached,0.0,99285.27861089006,62823.988979043475,0.42457434180317055,0,False,0.0,0.0,0.0,85877.28,,0.0,2,2,0,,,59.30192282668499,584.921945475231,660.7118323393798,0,0,,,
2025-03-20 22:00:00,84141.31,90077.45110985341,7.054966353451611,HOLD,max_positions_reached,0.0,98515.96129567745,82308.9815220024,0.1926162044978269,0,False,0.0,0.0,0.0,84141.31,,-32.268995072561665,1,1,0,,,42.734180329987716,-200.68899225800124,-8.355830312945074,0,0,,,
2025-03-21 11:00:00,84046.52,90839.94659865358,8.082936210391074,BUY,regular,0.6,98470.81712389173,68507.5818465295,0.3565077444891499,0,True,11.721226681472718,8.27380706927486,0.6894839224395717,84067.53163000001,,-26.886081761374953,2,2,0,82806.51865555001,87430.23289520001,42.88933189855579,-211.6924067151267,-181.0326635734233,0,0,,,
2025-03-22 00:00:00,84206.24,91318.82751576553,8.446627608316822,HOLD,max_positions_reached,0.0,98527.75854084153,68507.5818465295,0.3565077444891499,0,False,0.0,0.0,0.0,84206.24,,0.0,2,2,0,,,49.587660384449144,-89.96255212264077,-144.03921317376654,0,0,,,
2025-03-22 13:00:00,84168.31,90319.81695557237,7.308578437148585,HOLD,max_positions_reached,0.0,98514.23620209306,68507.5818465295,0.3565077444891499,0,False,0.0,0.0,0.0,84168.31,,0.0,2,2,0,,,47.6383537742665,-1.8753423809830565,-11.796488859784567,0,0,,,
2025-03-23 02:00:00,84233.78,90216.99084032126,7.1031014402075545,HOLD,max_positions_reached,0.0,98537.57676412477,68507.5818465295,0.3565077444891499,0,False,0.0,0.0,0.0,84233.78,,0.0,2,2,0,,,53.06030253350008,-49.30191929303692,-52.074596918389574,0,0,,,
2025-03-23 15:00:00,85189.41,90845.24085245361,6.6391243377006735,HOLD,max_positions_reached,0.0,98860.21651309157,84898.39291723934,0.16389153999132314,0,False,0.0,0.0,0.0,85189.41,,-18.049746899370803,1,1,0,,,71.2845323004219,210.55031775143289,105.94437282424141,0,0,,,
2025-03-24 04:00:00,86841.83,91923.76619372713,5.851945075002601,BUY,strong,1.0,99092.37851912127,65055.33380710936,0.3919429693272459,0,True,16.852275809172685,11.895724100592483,0.9913103417160405,86863.54045750001,,-38.65565248276107,2,2,0,85560.5873506375,90338.08207580002,76.75329167915437,512.6794710055838,371.3800709232022,0,0,,,
2025-03-24 17:00:00,88461.88,91933.48160289378,3.9244040516590575,HOLD,max_positions_reached,0.0,99542.50551078451,79368.64733504162,0.2280514293359229,0,False,0.0,0.0,0.0,88461.88,,-184.8402157953533,1,1,0,,,72.22632740098715,807.4140120722732,738.9239995001493,0,0,,,
2025-03-25 06:00:00,86534.5,91784.57296161262,6.067028712955664,BUY,regular,0.8,99070.11574633452,62506.82311980531,0.4225285016557466,0,True,14.320378261428647,10.108502302184927,0.842375191848744,86556.133625,,-32.848000576515915,2,2,0,85257.791620625,90018.37897,42.48564391334205,16.88778773667582,272.9188275976833,0,0,,,
2025-03-25 19:00:00,88116.23,92593.12594830665,5.0806712319701575,HOLD,max_positions_reached,0.0,99738.44175325846,62506.82311980531,0.4225285016557466,0,False,0.0,0.0,0.0,88116.23,,0.0,2,2,0,,,61.75507778938373,250.4937525063142,171.25761133106647,0,0,,,
2025-03-26 08:00:00,87959.73,92482.96219910853,5.142389817600092,HOLD,max_positions_reached,0.0,99672.31604274933,62506.82311980531,0.4225285016557466,0,False,0.0,0.0,0.0,87959.73,,0.0,2,2,0,,,56.58701814708415,139.14225747832097,118.72911031421793,0,0,,,
2025-03-26 21:00:00,87109.65,91924.3025541707,5.527117321870435,HOLD,max_positions_reached,0.0,99313.13301406181,62506.82311980531,0.4225285016557466,0,False,0.0,0.0,0.0,87109.65,,0.0,2,2,0,,,48.48234231143465,-194.72923885803903,-139.8449170494946,0,0,,,
2025-03-27 10:00:00,87195.59,91461.16791270807,4.8919651930884065,HOLD,max_positions_reached,0.0,99349.44511349412,62506.82311980531,0.4225285016557466,0,False,0.0,0.0,0.0,87195.59,,0.0,2,2,0,,,47.833756394901876,20.802665459588752,-4.119236353433649,0,0,,,
2025-03-27 23:00:00,87232.01,91755.4558851093,5.185534398564596,HOLD,max_positions_reached,0.0,99364.83360152441,62506.82311980531,0.4225285016557466,0,False,0.0,0.0,0.0,87232.01,,0.0,2,2,0,,,50.73060381301355,11.495313815627014,-31.611982454682813,0,0,,,
2025-03-28 12:00:00,85028.27,90664.3791413176,6.628512071711666,HOLD,max_positions_reached,0.0,98560.02087683036,98560.02087683036,8.326672684688674e-17,0,False,0.0,0.0,0.0,85028.27,,126.33023554476677,0,0,0,,,29.327213490979076,-564.7517979779514,-396.2845001455806,0,0,,,
2025-03-29 01:00:00,84281.9,90751.8304418876,7.676536055650873,BUY,regular,0.5249999999999999,98535.27964035752,85859.63202665374,0.1503958455339021,0,True,10.786162284708121,7.613761612735145,0.6344801343945955,84302.970475,,-24.741236472837045,1,1,0,83038.42591787499,87675.08929399999,36.56656185057885,-568.1318668179592,-661.799183278308,0,0,,,
2025-03-29 14:00:00,82504.01,89928.30397688111,8.998706822712156,SHORT,short,0.6128090970647424,98328.83485230262,98328.83485230262,8.326672684688674e-17,0,True,5.693954368724249,4.019261907334764,0.334938492277897,82483.3839975,,60.94248176137626,1,0,1,83720.6347574625,79184.0486376,30.407709704648852,-659.6309804834455,-590.1863131374654,0,0,,,
2025-03-30 03:00:00,83088.81,89744.09847293956,8.009849308155404,HOLD,regular,0.0,98328.83485230262,98328.83485230262,8.326672684688674e-17,0,False,0.0,0.0,0.0,83088.81,,0.0,1,0,1,,,48.68930918651262,-284.1916976628563,-452.4971137407907,0,0,,,
2025-03-30 16:00:00,82284.01,89467.9319006209,8.73064147046419,HOLD,regular,0.0,98328.83485230262,98328.83485230262,8.326672684688674e-17,0,False,0.0,0.0,0.0,82284.01,,0.0,1,0,1,,,36.23454354188075,-155.49262352095684,-127.0929893941238,0,0,,,
2025-03-31 05:00:00,82166.99,89545.20288668167,8.979534100837409,HOLD,regular,0.0,98328.83485230262,98328.83485230262,8.326672684688674e-17,0,False,0.0,0.0,0.0,82166.99,,0.0,1,0,1,,,45.40393088430729,-309.1621239058877,-277.0820076346639,0,0,,,
2025-03-31 18:00:00,83291.42,90213.94233901947,8.311207011501873,HOLD,regular,0.0,98328.83485230262,98328.83485230262,8.326672684688674e-17,0,False,0.0,0.0,0.0,83291.42,,0.0,1,0,1,,,57.86464081034155,162.56393948220648,3.7648022143867337,0,0,,,
2025-04-01 07:00:00,83445.5,90569.80084341056,8.537669309202482,BUY,regular,0.6649999999999999,98300.12565170758,83591.57580160405,0.17626534504680938,0,True,12.51603156626247,8.83484581147939,0.7362371509566159,83466.36137500001,,-28.709200595039874,2,1,1,82214.36595437501,86805.01583,60.2383810278955,193.7840191546129,117.94811295063047,0,0,,,
2025-04-01 20:00:00,85231.28,90970.75936754714,6.7340058339463456,HOLD,max_positions_reached,0.0,98510.36182134059,83487.04084335937,0.17626534504680938,0,False,0.0,0.0,0.0,85231.28,,-104.53495824467973,1,1,0,,,68.59730439458887,617.4464912386757,510.6007196810937,0,0,,,
2025-04-02 09:00:00,85019.62,90539.31164448385,6.492256310347962,BUY,strong,0.8872329460829128,98434.65442220788,63775.68972458304,0.40765842869710356,0,True,16.740419094729358,11.816766419808959,0.9847305349840799,85040.874905,,-38.3990762001049,2,2,0,83765.261781425,88442.50990120001,59.78741464363625,217.01628361124313,310.8369251108817,0,0,,,
2025-04-02 22:00:00,82821.59,90166.7946067562,8.868707551685743,HOLD,max_positions_reached,0.0,97735.64711718746,83137.07097851209,0.1762653450468094,0,False,0.0,0.0,0.0,82821.59,,197.0381510086736,1,1,0,,,34.1815829043601,171.7573750083102,417.83667524136223,0,0,,,
2025-04-03 11:00:00,83096.01,91020.2760942378,9.536277487015079,BUY,regular,0.6,97757.32658004505,69435.67218094303,0.3408304971454347,0,True,11.636298124527848,8.213857499666716,0.6844881249722263,83116.7840025,,-26.691273130156333,2,2,0,81870.0322424625,86441.45536260001,40.39389418247054,-437.95695758883085,-358.38289074905936,0,0,,,
2025-04-04 00:00:00,83046.32,90655.83625736313,9.16297827208132,HOLD,max_positions_reached,0.0,97740.39071264189,69435.67218094303,0.3408304971454347,0,False,0.0,0.0,0.0,83046.32,,0.0,2,2,0,,,50.2733544719479,-332.76618980659987,-507.1863559946671,0,0,,,
2025-04-04 13:00:00,83335.99,90935.90460431796,9.119606792117006,HOLD,max_positions_reached,0.0,97625.4749353941,83911.27506575457,0.16456515209862538,0,False,0.0,0.0,0.0,83335.99,,-213.6441473559098,1,1,0,,,51.6035205380831,29.304621390241664,-14.357734363829486,0,0,,,
2025-04-05 02:00:00,83976.61,90376.21317088029,7.620697204710086,BUY,strong,0.95,97692.78898650885,64348.48108035553,0.3970666106449561,0,True,16.61425277273236,11.727707839575782,0.9773089866313153,83997.6041525,,-38.10967662266921,2,2,0,82737.6400902125,87357.50831860001,54.69459727260642,229.7089485812321,201.99122277952137,0,0,,,
2025-04-05 15:00:00,82618.26,90349.72046306256,9.358052884510725,HOLD,max_positions_reached,0.0,97160.02931683767,83563.94279381388,0.1645651520986254,0,False,0.0,0.0,0.0,82618.26,,6.595760898388107,1,1,0,,,37.78236398036769,-147.6248638316174,-8.114448924366059,0,0,,,
2025-04-06 04:00:00,83499.99,90382.29575313335,8.242283326181651,BUY,strong,0.8593333333333333,97267.18769761632,64086.374651805134,0.39737505412648766,0,True,16.54187232922759,11.67661576180771,0.973051313483976,83520.86499750002,,-37.943650781264296,2,2,0,82268.05202253751,86861.69959740002,53.95503049635358,-4.500136955015478,-62.92383281006661,0,0,,,
2025-04-06 17:00:00,80808.81,89388.8857632131,10.61774794507319,HOLD,max_positions_reached,0.0,96676.25774291171,96676.25774291171,8.326672684688674e-17,0,False,0.0,0.0,0.0,80808.81,,478.47784345952095,0,0,0,,,22.23967824858569,-377.1586847081926,-193.2743957858118,0,0,,,
2025-04-07 06:00:00,74810.01,85314.88526385164,14.042071727903318,HOLD,regular,0.0,96676.25774291171,96676.25774291171,8.326672684688674e-17,0,False,0.0,0.0,0.0,74810.01,,0.0,0,0,0,,,17.109125300023422,-1628.2682324832276,-1283.2340876678404,0,0,,,
2025-04-07 19:00:00,78130.44,82808.15290251395,5.987055624560599,SHORT,short,0.690920684367439,96670.19765493265,96670.19765493265,8.326672684688674e-17,0,True,6.0600879790585065,4.277709161688358,0.35647576347402987,78110.90739000001,,-6.060087979058153,1,0,1,79282.57100085,74986.47109440001,47.807600751818725,-451.74845868074044,-819.9936686693537,0,0,,,
2025-04-08 08:00:00,79154.02,85774.36103615019,8.363872152229526,HOLD,regular,0.0,96558.94087224228,96558.94087224228,8.326672684688674e-17,0,False,0.0,0.0,0.0,79154.02,,-111.25678269036871,0,0,0,,,49.64189239918815,235.9904245439975,170.73556024846613,0,0,,,
2025-04-08 21:00:00,77100.0,85306.04224462235,10.643375155152208,SHORT,strong_short,0.8574413862109109,96543.6945314376,96543.6945314376,8.326672684688674e-17,0,True,15.24634080467761,10.7621229209489,0.8968435767457419,77080.725,,-15.246340804675128,1,0,1,78236.935875,73997.496,37.68251988539329,-530.5528734292311,-261.6019384302086,0,0,,,
2025-04-09 10:00:00,77190.0,84338.81265009104,9.26131966587776,HOLD,regular,0.0,96543.6945314376,96543.6945314376,8.326672684688674e-17,0,False,0.0,0.0,0.0,77190.0,,0.0,1,0,1,,,48.136994116541274,-356.4459977121296,-540.497496739319,0,0,,,
2025-04-09 23:00:00,82615.22,87703.86209723394,6.159448703560845,BUY,regular,0.6649999999999999,96235.68163171485,81836.03248320756,0.17429777646912145,0,True,12.25317690204199,8.649301342617875,0.720775111884823,82635.87380500001,,-308.01289972275845,1,1,0,81396.33569792501,85941.30875720001,67.9898482622686,1462.3881491436914,851.163238239358,0,0,,,
2025-04-10 12:00:00,81710.46,85905.37805735272,5.133881338267722,BUY,strong,0.9214353963983422,96040.5188446946,62604.1024308364,0.4092060724399078,0,True,16.33325727583103,11.529358077057198,0.9607798397547666,81730.88761500001,,-37.46513078204589,2,2,0,80504.92430077502,85000.12311960002,57.011666915448274,724.8321727096045,928.1714619175563,0,0,,,
2025-04-11 01:00:00,80452.72,86560.0216079989,7.5911685869649945,HOLD,max_positions_reached,0.0,95666.1690180705,95666.1690180705,8.326672684688674e-17,0,False,0.0,0.0,0.0,80452.72,,140.32501892649452,0,0,0,,,51.77042572731658,-257.5786547938915,-131.60713035337497,0,0,,,
2025-04-11 14:00:00,81898.0,90053.84799911776,9.958543553099904,BUY,strong,0.9,95628.86447247768,76516.67196572333,0.23336580266617435,0,True,16.263248733071986,11.47994028216846,0.9566616901807051,81918.47450000001,,-37.30454559282225,1,1,0,80689.69738250002,85195.21348000002,55.794952573390816,528.6199692435766,358.65847235428737,0,0,,,
2025-04-12 03:00:00,82973.13,90086.06420853808,8.57257549346165,BUY,regular,0.8,95847.9833877064,60203.25762182022,0.42959360175861955,0,True,13.854625760421285,9.779735830885613,0.8149779859071346,82993.87328250002,,-31.779660191765288,2,2,0,81748.96518326252,86313.62821380002,55.27785349747582,545.4073963356932,659.9188558106835,0,0,,,
2025-04-12 16:00:00,84659.19,89925.39255049109,6.22047358413314,HOLD,max_positions_reached,0.0,96675.52371123087,80063.03718458171,0.19622779909244528,0,False,0.0,0.0,0.0,84659.19,,103.21973534332938,1,1,0,,,66.28358553945623,594.4840890066407,523.2222540732579,0,0,,,
2025-04-13 05:00:00,84515.58,90221.66877302018,6.751522941711078,BUY,strong,0.9500000000000001,96609.65628733809,60717.13844879679,0.42468522180811286,0,True,16.430048384290544,11.597681212440383,0.9664734343700321,84536.708895,,-37.6871496651147,2,2,0,83268.65826157501,87918.1772508,50.352259613672246,435.48531752321287,573.1177061147246,0,0,,,
2025-04-13 18:00:00,84730.0,90409.06499460526,6.702543366700412,HOLD,max_positions_reached,0.0,96700.71729259819,60717.13844879679,0.42468522180811286,0,False,0.0,0.0,0.0,84730.0,,0.0,2,2,0,,,53.909993713497954,14.056865767590352,73.90190655164885,0,0,,,
2025-04-14 07:00:00,84580.76,91321.88933340725,7.970050556896456,HOLD,max_positions_reached,0.0,96637.33727009554,60717.13844879679,0.42468522180811286,0,False,0.0,0.0,0.0,84580.76,,0.0,2,2,0,,,52.36395166485378,72.74351203310653,6.4820976800828305,0,0,,,
2025-04-14 20:00:00,84861.82,90880.92958816804,7.092835845575827,HOLD,max_positions_reached,0.0,96756.69929853693,60717.13844879679,0.42468522180811286,0,False,0.0,0.0,0.0,84861.82,,0.0,2,2,0,,,52.52378316972079,121.22153290256392,105.58260307435052,0,0,,,
2025-04-15 09:00:00,85989.0,90964.8772869057,5.786643974119595,HOLD,max_positions_reached,0.0,97235.3959868546,60717.13844879679,0.42468522180811286,0,False,0.0,0.0,0.0,85989.0,,0.0,2,2,0,,,64.29675463151426,320.98892507422715,227.0331707279049,0,0,,,
2025-04-15 22:00:00,83838.47,90437.19102620635,7.87075554480699,HOLD,max_positions_reached,0.0,96322.0976767996,60717.13844879679,0.42468522180811286,0,False,0.0,0.0,0.0,83838.47,,0.0,2,2,0,,,34.156599598772544,-258.85534297644335,-62.68590885525967,0,0,,,
2025-04-16 11:00:00,84048.11,90983.04193932653,8.25114561092038,HOLD,max_positions_reached,0.0,96392.98685349195,77191.57225876903,0.22845742271566766,0,False,0.0,0.0,0.0,84048.11,,-18.14183320751181,1,1,0,,,49.21641375211287,-275.27177998151456,-337.41703995187993,0,0,,,
2025-04-17 00:00:00,84210.0,90936.10517065572,7.9872998107774835,BUY,regular,0.75,96399.41988647048,61508.3824472416,0.4143336591762127,0,True,13.319389858418651,9.4019222530014,0.7834935210834502,84231.0525,,-30.551939184922958,2,2,0,82967.58671250001,87600.29460000001,50.17323591196938,15.151180359200225,-29.938127582288722,0,0,,,
2025-04-17 13:00:00,84475.14,90851.22416410138,7.547882328577832,HOLD,max_positions_reached,0.0,96488.0474428197,80786.12634514205,0.1858762364605451,0,False,0.0,0.0,0.0,84475.14,,-21.22887004473887,1,1,0,,,51.703776916785394,101.99233100487618,76.87468148031896,0,0,,,
2025-04-18 02:00:00,84888.0,91002.93894373137,7.20353753620225,BUY,regular,0.8,96532.78159175695,64356.15872124504,0.37904795578305434,0,True,13.953611910188796,9.849608407192092,0.820800700599341,84909.22200000001,,-32.00671404784953,2,2,0,83635.58367,88305.59088000002,53.78578471934835,153.9765385070932,157.361519425244,0,0,,,
2025-04-18 15:00:00,84374.59,90658.33579544512,7.447438613266296,HOLD,max_positions_reached,0.0,96338.17458077837,64356.15872124504,0.37904795578305434,0,False,0.0,0.0,0.0,84374.59,,0.0,2,2,0,,,42.43264723073671,-25.95399166858988,22.058387302639815,0,0,,,
2025-04-19 04:00:00,85021.9,91171.1730015572,7.2325753735886895,HOLD,max_positions_reached,0.0,96583.5361130363,64356.15872124504,0.37904795578305434,0,False,0.0,0.0,0.0,85021.9,,0.0,2,2,0,,,63.03518478436086,40.99661027510592,-6.440401605001652,0,0,,,
2025-04-19 17:00:00,85239.92,91099.47521942729,6.87419136412527,HOLD,max_positions_reached,0.0,96666.17614835613,64356.15872124504,0.37904795578305434,0,False,0.0,0.0,0.0,85239.92,,0.0,2,2,0,,,56.210427780134715,145.15048722705978,155.27134104222105,0,0,,,
2025-04-20 06:00:00,84955.42,90358.66743919082,6.360097377178311,HOLD,max_positions_reached,0.0,96558.33700493585,64356.15872124504,0.37904795578305434,0,False,0.0,0.0,0.0,84955.42,,0.0,2,2,0,,,45.36961933232996,40.10747492090741,81.54724850589714,0,0,,,
2025-04-20 19:00:00,84651.61,90690.31731830668,7.133600079557474,HOLD,max_positions_reached,0.0,96443.17844548941,64356.15872124504,0.37904795578305434,0,False,0.0,0.0,0.0,84651.61,,0.0,2,2,0,,,47.88015702817643,-131.420590695212,-139.55547143793774,0,0,,,
2025-04-21 08:00:00,87569.28,92000.45171373426,5.060189730615878,HOLD,max_positions_reached,0.0,97536.96907738189,80621.06069994766,0.1931717193225093,0,False,0.0,0.0,0.0,87569.28,,-12.146217257046374,1,1,0,,,76.52567354487925,742.66439581335,538.8325428711548,0,0,,,
2025-04-21 21:00:00,87275.0,92217.52578758512,5.663163320063161,BUY,regular,0.8,97447.81239926636,64035.35399659652,0.382841116043195,0,True,14.085877701801941,9.942972495389606,0.8285810412824672,87296.81875,,-32.310104553296696,2,2,0,85987.36646875,90788.69150000002,56.29335731655061,381.82075053501467,484.8983233650002,0,0,,,
2025-04-22 10:00:00,88513.71,93101.89559813304,5.1835874895911935,HOLD,max_positions_reached,0.0,97863.07483278826,81074.73285557854,0.18966939672068575,0,False,0.0,0.0,0.0,88513.71,,-58.96668533196498,1,1,0,,,64.24532942598623,471.86225362891855,460.4615682091431,0,0,,,
2025-04-22 23:00:00,93442.99,94169.20286686372,0.7771721205236648,HOLD,regular,0.0,98275.62738146354,98275.62738146354,5.551115123125783e-17,0,False,0.0,0.0,0.0,93442.99,,-522.381015192077,0,0,0,,,80.97014244297009,1349.5892758980044,1073.9207290054055,0,0,,,
2025-04-23 12:00:00,93731.4,95513.77906856671,1.9015816135966381,BUY,regular,0.5803163227193276,98249.36765760645,84795.75524777117,0.14353367611958504,0,True,11.448160377317786,8.081054383989025,0.6734211986657522,93754.83285,,-26.25972385708883,1,1,0,92348.51035725001,97505.02616400001,66.8598568839249,1099.8696394738945,1226.205167615877,0,0,,,
2025-04-24 01:00:00,93489.18,97124.56580675246,3.8885631543163295,BUY,regular,0.8,98182.04738075327,68085.08107973865,0.32192994206404013,0,True,14.192009834468344,10.017889294918831,0.8348241079099027,93512.552295,,-32.55354982349672,2,2,0,92109.864010575,97253.05438680001,56.44668670641402,446.90298848260136,610.8920208798575,0,0,,,
2025-04-24 14:00:00,93101.83,96750.64375939452,3.9191643809735144,HOLD,max_positions_reached,0.0,98057.34781769477,68085.08107973865,0.32192994206404013,0,False,0.0,0.0,0.0,93101.83,,0.0,2,2,0,,,55.38491116175192,-23.47939899993071,7.463623161380576,0,0,,,
2025-04-25 03:00:00,93311.83,97469.71568747712,4.4559041307807545,HOLD,max_positions_reached,0.0,98124.95310552821,68085.08107973865,0.32192994206404013,0,False,0.0,0.0,0.0,93311.83,,0.0,2,2,0,,,51.81420277490901,166.40832325704105,168.0989897100396,0,0,,,
2025-04-25 16:00:00,95223.81,99735.61038787883,4.738101098747078,HOLD,max_positions_reached,0.0,98740.47671615581,68085.08107973865,0.32192994206404013,0,False,0.0,0.0,0.0,95223.81,,0.0,2,2,0,,,67.0098613147099,494.04712631515577,335.76689614213717,0,0,,,
2025-04-26 05:00:00,94626.47,98814.23296660965,4.425572428739704,HOLD,max_positions_reached,0.0,98548.17508456328,68085.08107973865,0.32192994206404013,0,False,0.0,0.0,0.0,94626.47,,0.0,2,2,0,,,52.56739222928271,256.5874400994653,342.02499595812725,0,0,,,
2025-04-26 18:00:00,94154.71,98976.61936995998,5.121261984620818,HOLD,max_positions_reached,0.0,98396.30141509515,68085.08107973865,0.32192994206404013,0,False,0.0,0.0,0.0,94154.71,,0.0,2,2,0,,,45.32074167590044,-33.510175237461226,22.676531264350253,0,0,,,
2025-04-27 07:00:00,94065.98,99357.39684222559,5.62521842883643,HOLD,max_positions_reached,0.0,98367.73657133582,68085.08107973865,0.32192994206404013,0,False,0.0,0.0,0.0,94065.98,,0.0,2,2,0,,,45.726646468409854,-82.55752869557182,-35.0934334113765,0,0,,,
2025-04-27 20:00:00,94260.86,99063.98722503225,5.095569067619636,HOLD,max_positions_reached,0.0,98415.59170992025,81599.8062612072,0.17839626594445515,0,False,0.0,0.0,0.0,94260.86,,-14.8825685250049,1,1,0,,,52.27493365822431,-25.12315868548467,-71.34629439207937,0,0,,,
2025-04-28 09:00:00,94739.07,99665.06186192966,5.199535800731051,BUY,strong,0.95,98443.90869603203,78769.10711290324,0.20767357736495395,0,True,16.741992934990623,11.817877365875734,0.9848231138229779,94762.75476750001,,-56.99389222552418,1,1,0,93341.31344598751,98553.26495820002,60.90073688726944,113.89366536570014,-9.631538583426426,0,0,,,
2025-04-28 22:00:00,94809.52,99598.72101623977,5.051392535517281,BUY,strong,0.95,98420.14588309676,59060.66130131083,0.41514274707630544,0,True,16.73795168092476,11.815024715946887,0.984585392995574,94833.22238,,-38.39341646063258,2,2,0,93410.7240443,98626.5512752,55.86607261572735,94.70795731546241,73.57729562245922,0,0,,,
2025-04-29 11:00:00,95129.74,99447.11216140454,4.538404248139998,HOLD,max_positions_reached,0.0,98553.08289356553,59060.66130131083,0.41514274707630544,0,False,0.0,0.0,0.0,95129.74,,0.0,2,2,0,,,58.089231468250055,156.97114668478025,128.67287599742963,0,0,,,
2025-04-30 00:00:00,94546.79,99582.89297323639,5.326572137707052,HOLD,max_positions_reached,0.0,98311.07542915738,59060.66130131083,0.41514274707630544,0,False,0.0,0.0,0.0,94546.79,,0.0,2,2,0,,,46.916192154645266,-15.983721138924011,79.19059238719844,0,0,,,
2025-04-30 13:00:00,93032.58,98730.29766355276,6.12443260581697,HOLD,max_positions_reached,0.0,97782.39033336686,97782.39033336686,2.7755575615628914e-17,0,False,0.0,0.0,0.0,93032.58,,99.92820325987122,0,0,0,,,29.67762097070394,-116.91154920088593,0.01959682982103672,0,0,,,
2025-05-01 02:00:00,94867.46,99472.47406785174,4.854155542745357,BUY,strong,0.8319123772169861,97744.26057782414,78209.28926033681,0.20591856593912525,0,True,16.623006356672363,11.733886840004022,0.9778239033336686,94891.17686500002,,-38.12975554271543,1,1,0,93467.80921202501,98686.82393960001,56.44335602901329,-30.381610674317926,-108.6350240316971,0,0,,,
2025-05-01 15:00:00,96854.3,101902.69283504225,5.212357980019731,BUY,strong,1.0,98115.11339721136,58561.92562013225,0.40837823180880045,0,True,16.686075929633688,11.778406538564955,0.9815338782137464,96878.513575,,-38.2744241632754,2,2,0,95425.335871375,100753.654118,70.06178610569258,539.417475338807,344.5777452200746,0,0,,,
2025-05-02 04:00:00,96939.86,101944.5400214433,5.162664791803189,HOLD,max_positions_reached,0.0,98150.05423872492,58561.92562013225,0.40837823180880045,0,False,0.0,0.0,0.0,96939.86,,0.0,2,2,0,,,62.88205838036642,468.7483816869644,485.051861537999,0,0,,,
2025-05-02 17:00:00,97402.55,102467.30587355743,5.199818560763992,HOLD,max_positions_reached,0.0,98339.00676280053,58561.92562013225,0.40837823180880045,0,False,0.0,0.0,0.0,97402.55,,0.0,2,2,0,,,60.27426204252443,341.3938644365262,332.069275919873,0,0,,,
2025-05-03 06:00:00,96183.5,101371.11129862635,5.393452409848204,HOLD,max_positions_reached,0.0,97841.17327931401,58561.92562013225,0.40837823180880045,0,False,0.0,0.0,0.0,96183.5,,0.0,2,2,0,,,41.20950572227325,-71.2937558269623,42.534352440291585,0,0,,,
2025-05-03 19:00:00,96354.34,101431.23206908109,5.268981209441207,HOLD,max_positions_reached,0.0,97910.94061643622,58561.92562013225,0.40837823180880045,0,False,0.0,0.0,0.0,96354.34,,0.0,2,2,0,,,49.13027305551892,-105.89545757250744,-115.89137659674057,0,0,,,
2025-05-04 08:00:00,95647.27,99980.17834881935,4.530090977839036,HOLD,max_positions_reached,0.0,97556.00415076705,77860.45547637474,0.20591856593912525,0,False,0.0,0.0,0.0,95647.27,,-66.18446930412028,1,1,0,,,38.35235095435666,-165.4733046733454,-148.93654125231467,0,0,,,
2025-05-04 21:00:00,95675.99,98940.92354798705,3.4124899548852845,BUY,regular,0.75,97531.0075578813,61993.168039985874,0.37143947523193044,0,True,13.475739941979853,9.512287017868132,0.7926905848223444,95699.90899750001,,-30.910574099543737,2,2,0,94264.41036253751,99527.90535740001,48.24330231043399,-143.6965274723043,-188.98564555970475,0,0,,,
2025-05-05 10:00:00,94121.89,98268.66012890432,4.405744645485039,HOLD,max_positions_reached,0.0,96938.86097634092,96938.86097634092,5.551115123125783e-17,0,False,0.0,0.0,0.0,94121.89,,-14.892493082443252,0,0,0,,,36.31813100303152,-336.7789633968787,-340.2030644730134,0,0,,,
2025-05-05 23:00:00,94733.68,99034.14243653874,4.539528535721132,BUY,regular,0.5249999999999999,96914.52669494075,84447.37387903893,0.1316021167540607,0,True,10.608746598098309,7.488527010422335,0.6240439175351947,94757.36342,,-24.33428140016622,1,1,0,93336.00296869999,98547.6579568,51.43325464765712,-86.53866413522337,-207.28490802708455,0,0,,,
2025-05-06 12:00:00,93935.99,99072.41871914617,5.468009353120314,BUY,regular,0.5249999999999999,96785.24718183719,71972.54984995748,0.2641447365581574,0,True,10.594595018953129,7.478537660437502,0.6232114717031253,93959.47399750001,,-24.30182059002982,2,2,0,92550.08188753751,97717.85295740001,40.83478681395278,-167.78807154820242,-121.98478053708972,0,0,,,
2025-05-07 01:00:00,97242.85,102201.39285756498,5.099133620173587,HOLD,max_positions_reached,0.0,97707.44802350452,84910.0831243069,0.13160211675406072,0,False,0.0,0.0,0.0,97242.85,,48.7111781326239,1,1,0,,,73.16091228240408,605.1205133140174,251.84160076596254,0,0,,,
2025-05-07 14:00:00,96938.0,102046.42388978033,5.269784697208865,BUY,strong,0.8761845164273082,97629.24423021644,65360.013854714394,0.33288525011349573,0,True,16.603445950096045,11.720079494185443,0.9766732911821204,96962.2345,,-38.08488799558836,2,2,0,95507.8009825,100840.72388,63.308810546476515,550.685533609736,578.8215683248169,0,0,,,
2025-05-08 03:00:00,99152.79,104214.26628226935,5.104724014593396,HOLD,max_positions_reached,0.0,98272.6125070874,78314.82825455733,0.2012831333594351,0,False,0.0,0.0,0.0,99152.79,,-93.90264622791437,1,1,0,,,75.53198630630943,609.3733079287194,443.9255208953397,0,0,,,
2025-05-08 16:00:00,101276.49,105860.1431017238,4.525880687338,BUY,strong,1.0,98551.59314313774,78855.26996300556,0.1944807050494362,0,True,16.760306432255536,11.830804540415672,0.9859003783679727,101301.80912250001,,-148.4843542650924,1,1,0,99782.28198566251,105353.88148740001,79.68409559412883,915.3639795338677,803.5844054595498,0,0,,,
2025-05-09 05:00:00,102979.35,106635.1382614064,3.55002071911155,BUY,regular,0.8,98849.99154103865,62030.911088626635,0.35753848176757785,0,True,14.288559767419775,10.0860421887669,0.8405035157305751,103005.09483750002,,-32.77501549957378,2,2,0,101460.01841493751,107125.29863100001,71.58057408118889,1175.492187597003,1216.1645075981385,0,0,,,
2025-05-09 18:00:00,103176.46,107175.8916675733,3.876302470130589,HOLD,max_positions_reached,0.0,98920.46595117985,62030.911088626635,0.35753848176757785,0,False,0.0,0.0,0.0,103176.46,,0.0,2,2,0,,,58.95712990471554,601.2957220030803,780.5853889152934,0,0,,,
2025-05-10 07:00:00,103759.71,108035.49953535944,4.120857253127862,HOLD,max_positions_reached,0.0,99129.0002706708,62030.911088626635,0.35753848176757785,0,False,0.0,0.0,0.0,103759.71,,0.0,2,2,0,,,63.144788909533936,368.2501323443139,378.25395090298355,0,0,,,
2025-05-10 20:00:00,103193.43,108598.74858662901,5.238045277329202,HOLD,max_positions_reached,0.0,98926.53337921546,62030.911088626635,0.35753848176757785,0,False,0.0,0.0,0.0,103193.43,,0.0,2,2,0,,,49.78897683223467,107.2230452845397,202.7505694656121,0,0,,,
2025-05-11 09:00:00,104347.94,108662.41006477375,4.134695965031747,HOLD,max_positions_reached,0.0,99339.31513180095,62030.911088626635,0.35753848176757785,0,False,0.0,0.0,0.0,104347.94,,0.0,2,2,0,,,58.311143057185355,190.42660583098768,209.42493927303244,0,0,,,
2025-05-11 22:00:00,103793.67,107522.08120351595,3.5921373659067544,HOLD,max_positions_reached,0.0,99141.14227751162,62030.911088626635,0.35753848176757785,0,False,0.0,0.0,0.0,103793.67,,0.0,2,2,0,,,46.48250097665579,130.55490666888363,183.2111374601708,0,0,,,
2025-05-12 11:00:00,103762.9,107927.52777811233,4.013600022852422,HOLD,max_positions_reached,0.0,99130.14081842764,62030.911088626635,0.35753848176757785,0,False,0.0,0.0,0.0,103762.9,,0.0,2,2,0,,,44.280798155522284,73.03237248990627,97.22514669774212,0,0,,,
2025-05-13 00:00:00,102260.01,106730.7444596412,4.37192843971089,HOLD,max_positions_reached,0.0,98570.92345083649,81896.63357306155,0.16305777671814173,0,False,0.0,0.0,0.0,102260.01,,-21.876358727473416,1,1,0,,,40.18229616007164,-439.6769256491534,-379.4708485168865,0,0,,,
2025-05-13 13:00:00,103715.87,107459.43206377196,3.609439966874857,BUY,regular,0.75,98758.41032279718,82722.73671136385,0.1546115711263217,0,True,13.645328679738531,9.631996715109551,0.8026663929257961,103741.7989675,,-49.902422852188465,1,1,0,102185.6719829875,107891.4709262,57.982337916448884,71.84938509497442,-137.3320368330578,0,0,,,
2025-05-14 02:00:00,103713.27,107007.56351989589,3.1763471732169735,BUY,regular,0.6,98731.05119767044,68884.86334179254,0.2877759794467757,0,True,11.752202991592755,8.295672699947827,0.6913060583289857,103739.1983175,,-26.957135041811853,2,2,0,102183.1103427375,107888.76625020002,50.3905937464096,223.37789124215487,259.0815578143415,0,0,,,
2025-05-14 15:00:00,103514.24,107254.59792421079,3.6133752459669126,HOLD,max_positions_reached,0.0,98673.77514448116,68884.86334179254,0.2877759794467757,0,False,0.0,0.0,0.0,103514.24,,0.0,2,2,0,,,47.40887871424154,8.283076131614507,61.23798041936343,0,0,,,
2025-05-15 04:00:00,102891.76,106509.13854940442,3.5157125793206645,HOLD,max_positions_reached,0.0,98494.64035279512,68884.86334179254,0.2877759794467757,0,False,0.0,0.0,0.0,102891.76,,0.0,2,2,0,,,40.90137028064933,-164.81821745063644,-85.33873790576929,0,0,,,
2025-05-15 17:00:00,103968.24,106576.82302382012,2.5090191233593218,HOLD,max_positions_reached,0.0,98804.42543914999,68884.86334179254,0.2877759794467757,0,False,0.0,0.0,0.0,103968.24,,0.0,2,2,0,,,61.25809153182956,-40.528409872116754,-247.992730592079,0,0,,,
2025-05-16 06:00:00,103987.87,106930.43649752732,2.829720906416609,HOLD,max_positions_reached,0.0,98810.07448162652,68884.86334179254,0.2877759794467757,0,False,0.0,0.0,0.0,103987.87,,0.0,2,2,0,,,57.78796629762922,280.4983627257898,201.02235326994008,0,0,,,
2025-05-16 19:00:00,104032.6,107546.39165729268,3.377587080677285,HOLD,max_positions_reached,0.0,98822.94670118717,68884.86334179254,0.2877759794467757,0,False,0.0,0.0,0.0,104032.6,,0.0,2,2,0,,,54.83783787481164,156.0514364057599,168.23521940836306,0,0,,,
2025-05-17 08:00:00,103426.06,106766.07247251246,3.229372241882232,HOLD,max_positions_reached,0.0,98648.39905861353,68884.86334179254,0.2877759794467757,0,False,0.0,0.0,0.0,103426.06,,0.0,2,2,0,,,48.274783491845476,-49.80845822309493,-26.135667307514137,0,0,,,
2025-05-17 21:00:00,103243.69,106561.4676027295,3.2135403168266303,HOLD,max_positions_reached,0.0,98578.35841721007,84829.97352553968,0.1331644083204541,0,False,0.0,0.0,0.0,103243.69,,-17.558936031753547,1,1,0,,,50.13645547801955,-85.54530545999296,-125.80187294081303,0,0,,,
2025-05-18 10:00:00,103856.81,107138.65445645199,3.1599704019909614,BUY,regular,0.75,98613.53748441352,82601.38727259637,0.15417525544850794,0,True,13.625311776975009,9.617867136688242,0.8014889280573535,103882.7742025,,-46.46669482598372,1,1,0,102324.5325894625,108038.08517060001,59.98905295602498,150.84599856412387,66.16770643717484,0,0,,,
2025-05-18 23:00:00,106454.26,108614.92394395993,2.0296641430412823,BUY,strong,0.9059328286082565,98975.38998608649,62781.75489226043,0.33999236004107364,0,True,16.832380000285305,11.881680000201392,0.9901400000167827,106480.873565,,-38.61001559176657,2,2,0,104883.660461525,110740.1085076,70.0308456323632,498.6761153056432,374.236031658683,0,0,,,
2025-05-19 12:00:00,102479.95,107716.44218415768,5.109772383922598,HOLD,max_positions_reached,0.0,98008.052350958,98008.05235095798,1.3877787807814457e-16,0,False,0.0,0.0,0.0,102479.95,,383.89740130634164,0,0,0,,,38.94880210838217,-384.31298188181245,-186.25075483088176,0,0,,,
2025-05-20 01:00:00,106450.0,108267.28844228295,1.7071756151084565,BUY,regular,0.6914351230216913,97978.67909143785,82929.91273928387,0.14136934102540136,0,True,12.805533966051843,9.03920044662483,0.7532667038854026,106476.6125,,-29.37325952014362,1,1,0,104879.4633125,110735.67700000001,67.31624760765752,543.7919118333084,340.6815425247879,0,0,,,
2025-05-20 14:00:00,104519.84,108306.73171283439,3.62313194589122,BUY,regular,0.6,97713.66458835966,84045.06468763675,0.13077517053913318,0,True,11.631100928882919,8.210188890976179,0.6841824075813483,104545.96996,,7.850944195408374,1,1,0,102977.7804106,108727.8087584,44.15743993742909,33.037188495640294,227.34748966073883,0,0,,,
2025-05-21 03:00:00,106843.59,108720.35475779114,1.7565534420840232,BUY,regular,0.7013106884168046,97987.8941900266,68820.1431486219,0.2729948613801232,0,True,12.930192644414873,9.127194807822264,0.7605995673185221,106870.30089750001,,-29.659200873371447,2,2,0,105267.24638403751,111145.11293340001,59.63020626107042,478.5203341641609,412.03572444735187,0,0,,,
2025-05-21 16:00:00,109131.7,108491.45445810855,-0.5866723801530142,HOLD,max_positions_reached,0.0,98544.07672879359,83023.4000938419,0.14221969084099015,0,False,0.0,0.0,0.0,109131.7,,-68.45973350550048,1,1,0,,,71.2059254997229,672.8040617865481,466.5131214430985,0,0,,,
2025-05-22 05:00:00,110879.99,109490.4722364106,-1.2531726992304084,HOLD,regular,0.0,98813.03596775713,98813.03596775711,1.3877787807814457e-16,0,False,0.0,0.0,0.0,110879.99,,20.317975663143443,0,0,0,,,65.06875642273832,1162.6598294418072,912.3381921058804,0,0,,,
2025-05-22 18:00:00,111727.27,109634.0000253213,-1.8735533184322064,SELL,market_sell,0.5247106636864413,98813.03596775713,98813.03596775711,1.3877787807814457e-16,0,False,0.0,0.0,0.0,111727.27,Sell amount is less than min_trade_amount,0.0,0,0,0,,,64.54839797209493,826.4359541941812,891.1545421976067,0,0,,,
2025-05-23 07:00:00,110715.42,109090.37140985858,-1.467770785805104,HOLD,regular,0.0,98813.03596775713,98813.03596775711,1.3877787807814457e-16,0,False,0.0,0.0,0.0,110715.42,,0.0,0,0,0,,,49.986788159784055,229.3366418054502,422.5680570043713,0,0,,,
2025-05-23 20:00:00,108236.53,108356.74722017093,0.11106898952778024,SHORT,short,0.45,98808.29887081283,98808.29887081281,1.3877787807814457e-16,0,True,4.737096944294276,3.3438331371489007,0.27865276142907514,108209.4708675,,-4.737096944299992,1,0,1,109832.61293051249,103881.09203279999,35.8502093370775,-526.4062418970425,-310.61045721901087,0,0,,,
2025-05-24 09:00:00,108161.69,109092.51738310274,0.8605887935947863,HOLD,regular,0.0,98808.29887081283,98808.29887081281,1.3877787807814457e-16,0,False,0.0,0.0,0.0,108161.69,,0.0,1,0,1,,,44.35235744052713,-493.06085522558715,-575.7875520332984,0,0,,,
2025-05-24 22:00:00,108100.5,107925.32665674559,-0.1620467465501208,HOLD,regular,0.0,98808.29887081283,98808.29887081281,1.3877787807814457e-16,0,False,0.0,0.0,0.0,108100.5,,0.0,1,0,1,,,41.0282785876613,-63.83843669714406,-91.82360208421035,0,0,,,
2025-05-25 11:00:00,107260.0,108514.88776022596,1.1699494314991237,HOLD,regular,0.0,98808.29887081283,98808.29887081281,1.3877787807814457e-16,0,False,0.0,0.0,0.0,107260.0,,0.0,1,0,1,,,38.49534782155782,-390.90679655288113,-301.7753151557721,0,0,,,
2025-05-26 00:00:00,109540.46,109201.91116325694,-0.3090628218496309,HOLD,regular,0.0,98808.29887081283,98808.29887081281,1.3877787807814457e-16,0,False,0.0,0.0,0.0,109540.46,,0.0,1,0,1,,,67.89629966301666,168.52955989765178,-111.10739814234634,0,0,,,
2025-05-26 13:00:00,109595.65,109191.28169572582,-0.368963826825404,HOLD,regular,0.0,98721.33079920466,98721.33079920465,1.3877787807814457e-16,0,False,0.0,0.0,0.0,109595.65,,-86.96807160816388,0,0,0,,,59.30071007532769,456.33084679514286,449.90435444502924,0,0,,,
2025-05-27 02:00:00,108272.72,108506.64352572887,0.21605029016438065,HOLD,regular,0.0,98721.33079920466,98721.33079920465,1.3877787807814457e-16,0,False,0.0,0.0,0.0,108272.72,,0.0,0,0,0,,,37.910037594210856,-43.00658492551884,138.31725979215415,0,0,,,
2025-05-27 15:00:00,110140.11,109078.53438193267,-0.9638410730362756,BUY,regular,0.47351224710635065,98698.03561975005,86763.24464078037,0.10836007862140037,0,True,10.155740854933946,7.168758250541608,0.5973965208784675,110167.64502750001,,-23.29517945460975,1,1,0,108515.13035208751,114574.35082860001,60.58843745814744,181.2649439802044,116.78422276932173,0,0,,,
2025-05-28 04:00:00,108971.87,108146.86421738131,-0.7570814216721088,SHORT,short,0.45,98566.7195264261,86758.51912570508,0.10836007862140037,0,True,4.725515075289576,3.3356577002044063,0.2779714750170339,108944.6270325,,-4.725515075289877,2,1,1,110578.79643798748,104586.8419512,45.51368605603986,-138.4413314035337,-32.4835472483139,0,0,,,
2025-05-28 17:00:00,107679.01,107934.55483568888,0.23732093718996952,HOLD,max_positions_reached,0.0,98504.29260340657,98504.29260340656,1.3877787807814457e-16,0,False,0.0,0.0,0.0,107679.01,,77.66748822694353,1,0,1,,,36.642417412648456,-445.2508677159349,-296.579982489807,0,0,,,
2025-05-29 06:00:00,107915.46,108178.76398460487,0.24399097645959456,HOLD,regular,0.0,98504.29260340657,98504.29260340656,1.3877787807814457e-16,0,False,0.0,0.0,0.0,107915.46,,0.0,1,0,1,,,47.49281145363969,-213.15600150384125,-285.7839373039608,0,0,,,
2025-05-29 19:00:00,105731.74,107946.83183419054,2.095011237108681,HOLD,regular,0.0,98504.29260340657,98504.29260340656,1.3877787807814457e-16,0,False,0.0,0.0,0.0,105731.74,,0.0,1,0,1,,,26.880893555346915,-521.698555849187,-272.65323411001236,0,0,,,
2025-05-30 08:00:00,105177.33,107926.65203647278,2.613987288394538,HOLD,regular,0.0,98504.29260340657,98504.29260340656,1.3877787807814457e-16,0,False,0.0,0.0,0.0,105177.33,,0.0,1,0,1,,,35.397741089564306,-590.3518402866757,-570.2057424587031,0,0,,,
2025-05-30 21:00:00,104631.59,107262.44130674897,2.5143948464789356,HOLD,regular,0.0,98723.41275829085,98723.41275829084,1.3877787807814457e-16,0,False,0.0,0.0,0.0,104631.59,,219.12015488428005,0,0,0,,,39.88388874813553,-542.914217382553,-529.2656581976892,0,0,,,
2025-05-31 10:00:00,103410.0,106690.19878464086,3.1720324771693833,SHORT,short,0.45452307209717446,98718.65263005668,98718.65263005666,1.3877787807814457e-16,0,True,4.760128234183857,3.3600905182474285,0.28000754318728577,103384.1475,,-4.76012823417841,1,0,1,104934.9097125,99248.7816,36.17570426684009,-551.8455456540541,-593.7561361801893,0,0,,,
2025-05-31 23:00:00,104591.88,107577.83934955363,2.8548672703403213,HOLD,regular,0.0,98718.65263005668,98718.65263005666,1.3877787807814457e-16,0,False,0.0,0.0,0.0,104591.88,,0.0,1,0,1,,,52.726853095347806,40.08338812040165,-90.53980229547066,0,0,,,
2025-06-01 12:00:00,103956.26,107158.38608985212,3.0802628815735855,HOLD,regular,0.0,98718.65263005668,98718.65263005666,1.3877787807814457e-16,0,False,0.0,0.0,0.0,103956.26,,0.0,1,0,1,,,42.57069710083113,-99.02328008740733,-53.31611023675343,0,0,,,
2025-06-02 01:00:00,105388.59,107493.17365418815,1.9969748662432605,BUY,regular,0.5245764812740564,98606.51482519759,85927.96397607413,0.12030287955388215,0,True,10.788632751649278,7.6155054717524315,0.6346254559793694,105414.93714750001,,-112.13780485908501,1,1,0,103833.7130902875,109631.5346334,61.352786092368206,296.6143574123271,209.0080557066774,0,0,,,
2025-06-02 14:00:00,104176.62,107905.94264271877,3.5798076792266595,HOLD,regular,0.0,98405.71801145986,98405.71801145985,1.3877787807814457e-16,0,False,0.0,0.0,0.0,104176.62,,-54.993332804820966,0,0,0,,,42.417249591884065,-153.04893403651658,-0.867917768103883,0,0,,,
2025-06-03 03:00:00,105482.02,107745.37258043919,2.1457235843977793,BUY,regular,0.7791447168795558,98373.70132226081,81970.62985531545,0.1555058527220597,0,True,13.9579606661565,9.85267811728694,0.8210565097739119,105508.39050500002,,-32.01668919905205,1,1,0,103925.76464742502,109728.72612520002,55.436822708412826,304.21785612135136,167.9758167377738,0,0,,,
2025-06-03 16:00:00,105817.63,108531.33128804118,2.5645077177037305,BUY,strong,0.8629015435407461,98387.50995621363,62268.71932560782,0.3413305573996111,0,True,16.732401409053786,11.811106876979142,0.9842589064149286,105844.08440750002,,-38.380685279218596,2,2,0,104256.42314138752,110077.84778380003,55.463257034754406,271.4201995128533,202.02671017921486,0,0,,,
2025-06-04 05:00:00,105354.14,107911.96314737329,2.4278335406404423,HOLD,max_positions_reached,0.0,98229.30665616448,62268.71932560782,0.3413305573996111,0,False,0.0,0.0,0.0,105354.14,,0.0,2,2,0,,,47.18690103851579,22.324660972255515,98.35096186546582,0,0,,,
2025-06-04 18:00:00,104951.54,108044.36016237015,2.9469030777158305,HOLD,max_positions_reached,0.0,98091.8869737554,62268.71932560782,0.3413305573996111,0,False,0.0,0.0,0.0,104951.54,,0.0,2,2,0,,,43.51215285895465,-111.16549135521927,-69.81899862422732,0,0,,,
2025-06-05 07:00:00,104518.05,107843.63867670631,3.1818319196601026,HOLD,max_positions_reached,0.0,97943.92359042824,62268.71932560782,0.3413305573996111,0,False,0.0,0.0,0.0,104518.05,,0.0,2,2,0,,,41.14472482881713,-174.6766417792678,-148.58568828205009,0,0,,,
2025-06-05 20:00:00,100483.91,106090.68505587346,5.579773971647257,HOLD,max_positions_reached,0.0,97764.1150858224,97764.11508582238,1.3877787807814457e-16,0,False,0.0,0.0,0.0,100483.91,,1197.1667502222263,0,0,0,,,19.41796727401477,-770.1211162190739,-381.35208289206093,0,0,,,
2025-06-06 09:00:00,103643.98,106640.76345837022,2.8914206675295766,BUY,regular,0.5097988934541408,97740.00827288543,85389.39409829327,0.11916383541612506,0,True,10.509579696657582,7.418526844699469,0.6182105703916225,103669.89099500001,,-24.10681293696689,1,1,0,102114.84263007501,107816.68663480002,55.12665170287622,-240.20476828601386,-503.46044904475764,0,0,,,
2025-06-06 22:00:00,104476.81,107310.08505374675,2.711869795552478,BUY,regular,0.48466177137734695,97815.84542201666,73374.38569952684,0.23394148158323194,0,True,10.20408366783381,7.2028825890591595,0.60024021575493,104502.9292025,,-23.4060679183749,2,2,0,102935.3852644625,108683.0463706,56.95565547724232,314.0026075752976,243.62661261365378,0,0,,,
2025-06-07 11:00:00,105150.01,108189.23085550703,2.8903666823303578,HOLD,max_positions_reached,0.0,97973.3348274185,73374.38569952684,0.23394148158323194,0,False,0.0,0.0,0.0,105150.01,,0.0,2,2,0,,,60.921161192481684,314.05271541354887,305.5339738469078,0,0,,,
2025-06-08 00:00:00,105473.21,108507.74562630567,2.877067670838557,HOLD,max_positions_reached,0.0,98048.9447142662,73374.38569952684,0.23394148158323194,0,False,0.0,0.0,0.0,105473.21,,0.0,2,2,0,,,56.32759433157075,317.2083256860351,351.946276691898,0,0,,,
2025-06-08 13:00:00,105627.9,108683.42869937171,2.892728814424708,HOLD,max_positions_reached,0.0,98085.1331220523,73374.38569952684,0.23394148158323194,0,False,0.0,0.0,0.0,105627.9,,0.0,2,2,0,,,56.265213013170694,123.99120202389895,150.86320288185757,0,0,,,
2025-06-09 02:00:00,105560.89,108711.50857682432,2.984645711896059,HOLD,max_positions_reached,0.0,98069.45670337141,73374.38569952684,0.23394148158323194,0,False,0.0,0.0,0.0,105560.89,,0.0,2,2,0,,,46.30735686995334,83.86289624600613,165.34095090663087,0,0,,,
2025-06-09 15:00:00,107635.91,109398.72333626001,1.6377557789589048,HOLD,max_positions_reached,0.0,98562.29935875126,86208.10296589669,0.11477764616710702,0,False,0.0,0.0,0.0,107635.91,,7.409402265009703,1,1,0,,,67.41814640962974,497.5970779690251,321.5338435572393,0,0,,,
2025-06-10 04:00:00,109528.55,109547.5916119771,0.017385067160202685,HOLD,regular,0.0,98668.76538391995,98668.76538391993,1.3877787807814457e-16,0,False,0.0,0.0,0.0,109528.55,,-110.76673907303484,0,0,0,,,69.37971919574424,930.3491742449696,909.7836667360227,0,0,,,
2025-06-10 17:00:00,108711.37,110018.92914040682,1.2027804823054162,HOLD,regular,0.0,98668.76538391995,98668.76538391993,1.3877787807814457e-16,0,False,0.0,0.0,0.0,108711.37,,0.0,0,0,0,,,48.7336947868613,245.61030838364968,455.9318394983982,0,0,,,
2025-06-11 06:00:00,109595.01,109486.66538949808,-0.09885907260003007,HOLD,regular,0.0,98668.76538391995,98668.76538391993,1.3877787807814457e-16,0,False,0.0,0.0,0.0,109595.01,,0.0,0,0,0,,,53.96671347470013,224.8594629718864,292.4300513526753,0,0,,,
2025-06-11 19:00:00,108742.37,109113.73847259958,0.34151221147707606,SHORT,short,0.45,98664.03520330745,98664.03520330743,1.3877787807814457e-16,0,True,4.730180612505122,3.3389510205918507,0.2782459183826542,108715.1844075,,-4.730180612503318,1,0,1,110345.91217361248,104366.5770312,39.50097246812421,-55.33502671300084,67.33014585077312,0,0,,,
