timestamp,price,predicted_price,price_change_pct,signal,signal_type,confidence,portfolio_value,balance,btc_holdings,executed,open_positions,max_position_age
2025-03-22 17:00:00,84238.83,81616.96249251036,-3.1124215608047328,SELL,regular,0.6,100000.0,100000.0,0.0,False,0,0
2025-03-22 20:00:00,83944.69,82227.12568972942,-2.0460666544489947,SELL,regular,0.6,100000.0,100000.0,0.0,False,0,0
2025-03-22 23:00:00,83840.59,82542.12219699609,-1.5487340952680637,SELL,regular,0.6,100000.0,100000.0,0.0,False,0,0
2025-03-23 02:00:00,84233.78,85559.23640219595,1.5735449628355183,BUY,regular,0.6,99944.58350354753,83178.16,0.1990463149528315,True,1,0
2025-03-23 05:00:00,84230.1,85586.01440818813,1.6097741878356122,BUY,regular,0.6,99943.8510131085,83178.16,0.1990463149528315,False,1,3
2025-03-23 08:00:00,84347.12,86134.38562155595,2.1189408975148822,BUY,regular,0.6,99967.14341288428,83178.16,0.1990463149528315,False,1,6
2025-03-23 11:00:00,84679.99,86324.63645154162,1.9421901815784526,BUY,regular,0.6,100033.39995974263,83178.16,0.1990463149528315,False,1,9
2025-03-23 14:00:00,84899.76,86405.66822913884,1.7737485113489695,BUY,regular,0.6,100077.14436837981,83178.16,0.1990463149528315,False,1,12
2025-03-23 17:00:00,85017.66,86393.19319508545,1.6179381967057729,BUY,regular,0.6,100100.61192891275,83178.16,0.1990463149528315,False,1,15
2025-03-23 20:00:00,85102.62,86513.97182249956,1.6584117181111042,BUY,regular,0.6,100117.52290383114,83178.16,0.1990463149528315,False,1,18
2025-03-23 23:00:00,86082.5,86696.50092024423,0.7132703165500893,BUY,regular,0.47551354436672616,100312.56440692712,83178.16,0.1990463149528315,False,1,21
2025-03-24 02:00:00,85883.16,86657.76006172679,0.9019231031168223,BUY,regular,0.6,100272.88651450443,83178.16,0.1990463149528315,False,1,24
2025-03-24 05:00:00,86899.73,86484.61911376756,-0.47768950056856646,SELL,regular,0.41534361442717277,100475.23102689603,83178.16,0.1990463149528315,False,1,27
2025-03-24 08:00:00,87416.35,86285.74370611933,-1.2933579289007968,SELL,regular,0.6944829098342057,100543.2625294587,100543.2625294587,0.0,False,0,0
2025-03-24 11:00:00,87689.52,86600.27199251836,-1.2421644085651753,SELL,regular,0.6776595191954702,100543.2625294587,100543.2625294587,0.0,False,0,0
2025-03-24 14:00:00,87961.9,86847.52336976676,-1.2668855836825228,SELL,regular,0.6680786024979793,100543.2625294587,100543.2625294587,0.0,False,0,0
2025-03-24 17:00:00,88461.88,86847.05447622787,-1.8254478921001127,SELL,regular,0.6690713817989942,100543.2625294587,100543.2625294587,0.0,False,0,0
2025-03-24 20:00:00,87832.0,87040.92791067986,-0.9006650074234174,SELL,regular,0.6137918148031815,100543.2625294587,100543.2625294587,0.0,False,0,0
2025-03-24 23:00:00,87498.16,87374.64400247716,-0.14116410850564776,HOLD,regular,0.0,100543.2625294587,100543.2625294587,0.0,False,0,0
2025-03-25 02:00:00,86854.94,86884.84680803973,0.034433053594564056,HOLD,regular,0.0,100543.2625294587,100543.2625294587,0.0,False,0,0
2025-03-25 05:00:00,86656.07,86645.7896158168,-0.011863432282593104,HOLD,regular,0.0,100543.2625294587,100543.2625294587,0.0,False,0,0
2025-03-25 08:00:00,86714.79,86791.35703382445,0.08829754857787545,HOLD,regular,0.0,100543.2625294587,100543.2625294587,0.0,False,0,0
2025-03-25 11:00:00,87370.43,87697.75330737577,0.3746385446148919,HOLD,regular,0.0,100543.2625294587,100543.2625294587,0.0,False,0,0
2025-03-25 14:00:00,88022.4,87767.75377911654,-0.28929706629614327,HOLD,regular,0.0,100543.2625294587,100543.2625294587,0.0,False,0,0
2025-03-25 17:00:00,87937.27,87755.44924610612,-0.20676188138873056,HOLD,regular,0.0,100543.2625294587,100543.2625294587,0.0,False,0,0
2025-03-25 20:00:00,87849.98,87896.03268569015,0.052421964911268125,HOLD,regular,0.0,100543.2625294587,100543.2625294587,0.0,False,0,0
2025-03-25 23:00:00,87392.87,88003.20123701412,0.698376465968129,BUY,regular,0.4655843106454193,100495.56924026505,86065.82474020188,0.1651135212753989,True,1,0
2025-03-26 02:00:00,87324.6,87783.42334315668,0.5254227825339902,HOLD,regular,0.0,100484.29694016758,86065.82474020188,0.1651135212753989,False,1,3
2025-03-26 05:00:00,87520.35,88299.41763317319,0.8901559844918137,BUY,regular,0.5934373229945424,100516.61791195723,86065.82474020188,0.1651135212753989,False,1,6
2025-03-26 08:00:00,87959.73,88302.41391615645,0.389591823617986,HOLD,regular,0.0,100589.16549093522,86065.82474020188,0.1651135212753989,False,1,9
2025-03-26 11:00:00,87954.96,88324.04821773221,0.41963320514523056,HOLD,regular,0.0,100588.37789943874,86065.82474020188,0.1651135212753989,False,1,12
2025-03-26 14:00:00,86773.14,87366.96086116858,0.6843371821840077,BUY,regular,0.47204459462403875,100393.24343772505,86065.82474020188,0.1651135212753989,False,1,15
2025-03-26 17:00:00,86569.99,87117.64408111923,0.6326142363181795,BUY,regular,0.44617004626175827,100359.70062587794,86065.82474020188,0.1651135212753989,False,1,18
2025-03-26 20:00:00,87280.0,88942.77982723746,1.9051097928935197,BUY,regular,0.6,100392.4458371639,83550.8902024546,0.1929600783078519,True,1,0
2025-03-26 23:00:00,86909.17,89210.97779679521,2.648521205294231,BUY,regular,0.6,100320.89045132502,83550.8902024546,0.1929600783078519,False,1,3
2025-03-27 02:00:00,87575.39,89667.24552541396,2.388633982005635,BUY,regular,0.6,100449.44431469527,83550.8902024546,0.1929600783078519,False,1,6
2025-03-27 05:00:00,87314.72,89485.48622527801,2.486140052076,BUY,regular,0.6,100399.14541108276,83550.8902024546,0.1929600783078519,False,1,9
2025-03-27 08:00:00,87434.82,89685.92529610924,2.5746096304758623,BUY,regular,0.6,100422.31991648753,83550.8902024546,0.1929600783078519,False,1,12
2025-03-27 11:00:00,86943.52,89250.34882563134,2.6532498633956147,BUY,regular,0.6,100327.51863001488,83550.8902024546,0.1929600783078519,False,1,15
2025-03-27 14:00:00,87297.33,89421.79509937175,2.433596880192958,BUY,regular,0.6,100306.48287644914,83479.3481473501,0.19275657948644068,True,1,0
2025-03-27 17:00:00,86913.05,89054.35200169797,2.4637289816638255,BUY,regular,0.6,100232.4103780841,83479.3481473501,0.19275657948644068,False,1,3
2025-03-27 20:00:00,87307.57,89553.3673246164,2.5722824774717576,BUY,regular,0.6,100308.45670382309,83479.3481473501,0.19275657948644068,False,1,6
2025-03-27 23:00:00,87232.01,89392.30721263112,2.4764959704942275,BUY,regular,0.6,100293.89201667708,83479.3481473501,0.19275657948644068,False,1,9
2025-03-28 02:00:00,86987.77,89169.96401226713,2.508621628381923,BUY,regular,0.6,100246.81314970332,83479.3481473501,0.19275657948644068,False,1,12
2025-03-28 05:00:00,86059.02,88112.6867480448,2.3863468908253824,BUY,regular,0.637348730152082,100067.7904765053,83479.3481473501,0.19275657948644068,False,1,15
2025-03-28 08:00:00,85213.87,88031.56618662238,3.3066168531277675,BUY,regular,0.6738918239477565,99812.3039053437,81741.64026019954,0.2120624687641127,True,1,0
2025-03-28 11:00:00,85255.26,88450.39590312782,3.747728765507051,BUY,regular,0.6499265734504125,99821.08117092584,81741.64026019954,0.2120624687641127,False,1,3
2025-03-28 14:00:00,84172.01,87933.13973931143,4.468385321095975,BUY,regular,0.6928187990763993,99591.36450163712,81741.64026019954,0.2120624687641127,False,1,6
2025-03-28 17:00:00,84008.45,87829.49168667413,4.548401603260302,BUY,regular,0.680755649155961,99556.67956424606,81741.64026019954,0.2120624687641127,False,1,9
2025-03-28 20:00:00,83794.41,87494.01566205532,4.4150984081817795,BUY,regular,0.6880233109199955,99511.28971343179,81741.64026019954,0.2120624687641127,False,1,12
2025-03-28 23:00:00,84424.38,87683.96772619954,3.860955480158141,BUY,regular,0.6166459801892747,99644.88270687911,81741.64026019954,0.2120624687641127,False,1,15
2025-03-29 02:00:00,83851.4,87299.0188300232,4.111581714823131,BUY,regular,0.6506709020401293,99523.37515352665,81741.64026019954,0.2120624687641127,False,1,18
2025-03-29 05:00:00,84012.64,87388.98330807699,4.018851577663778,BUY,regular,0.6271409499131686,99557.56810599018,81741.64026019954,0.2120624687641127,False,1,21
2025-03-29 08:00:00,83934.95,87178.00611030492,3.8637732080675877,BUY,regular,0.620114869319432,99541.0929727919,81741.64026019954,0.2120624687641127,False,1,24
2025-03-29 11:00:00,82293.56,87109.21380605386,5.851799103178741,BUY,regular,0.694698004697054,99097.58771384251,80785.48303039854,0.22252172203321838,True,1,0
2025-03-29 14:00:00,82504.01,86878.75716928983,5.302466109574358,BUY,regular,0.6552016025465467,99144.41741024441,80785.48303039854,0.22252172203321838,False,1,3
2025-03-29 17:00:00,82332.63,87023.81097674157,5.697839333860182,BUY,regular,0.6539820431127993,99106.28163752236,80785.48303039854,0.22252172203321838,False,1,6
2025-03-29 20:00:00,82511.17,86943.56566015923,5.371873481080485,BUY,regular,0.6265262190253982,99146.01066577417,80785.48303039854,0.22252172203321838,False,1,9
2025-03-29 23:00:00,82648.54,87195.8906826824,5.502033892773425,BUY,regular,0.6075165364329258,99176.57847472986,80785.48303039854,0.22252172203321838,False,1,12
2025-03-30 02:00:00,83330.0,87284.18842943622,4.745215923960427,BUY,regular,0.6,99328.21812742662,80785.48303039854,0.22252172203321838,False,1,15
2025-03-30 05:00:00,82958.3,87037.50865487235,4.917179661194052,BUY,regular,0.6,99245.50680334689,80785.48303039854,0.22252172203321838,False,1,18
2025-03-30 08:00:00,83378.09,87155.48081916026,4.530435776545454,BUY,regular,0.6,99338.9191970392,80785.48303039854,0.22252172203321838,False,1,21
2025-03-30 11:00:00,83111.76,87000.90658334516,4.679417910708624,BUY,regular,0.6,99279.65498681008,80785.48303039854,0.22252172203321838,False,1,24
2025-03-30 14:00:00,82803.28,86918.22929557801,4.969548664712334,BUY,regular,0.6,99211.01148599728,80785.48303039854,0.22252172203321838,False,1,27
2025-03-30 17:00:00,82415.53,87076.0762633326,5.654936955853581,BUY,regular,0.6133218955641899,99032.35529940858,82181.70072604775,0.20445970041521075,True,1,0
2025-03-30 20:00:00,82554.73,87004.96428583041,5.3906472540463986,BUY,regular,0.6,99060.81608970636,82181.70072604775,0.20445970041521075,False,1,3
2025-03-30 23:00:00,82389.99,87125.74334714434,5.747971746500189,BUY,regular,0.6010172987153364,99027.13339865996,82181.70072604775,0.20445970041521075,False,1,6
2025-03-31 02:00:00,81922.3,87296.01648451507,6.5595283390664925,BUY,regular,0.6187118509429799,98931.50964137277,82181.70072604775,0.20445970041521075,False,1,9
2025-03-31 05:00:00,82166.99,87427.62302431196,6.402367939134631,BUY,regular,0.6,98981.53888546737,82181.70072604775,0.20445970041521075,False,1,12
2025-03-31 08:00:00,81899.15,87410.91810578469,6.72994543384723,BUY,regular,0.6013936079277412,98926.77639930816,82181.70072604775,0.20445970041521075,False,1,15
2025-03-31 11:00:00,82205.51,87556.12676028653,6.508829834261149,BUY,regular,0.6,98900.96140825495,82309.61302547887,0.20182769236242287,True,1,0
2025-03-31 14:00:00,83499.18,87878.0947653024,5.244260800288592,BUY,regular,0.6,99162.05983903345,82309.61302547887,0.20182769236242287,False,1,3
2025-03-31 17:00:00,82680.34,86996.07478515769,5.219783548492535,BUY,regular,0.6,98996.7952514194,82309.61302547887,0.20182769236242287,False,1,6
2025-03-31 20:00:00,82431.32,87293.90693734342,5.898955563666104,BUY,regular,0.6,98946.53611946732,82309.61302547887,0.20182769236242287,False,1,9
2025-03-31 23:00:00,82550.01,87121.76189015355,5.53816031052395,BUY,regular,0.6,98970.4910482738,82309.61302547887,0.20182769236242287,False,1,12
2025-04-01 02:00:00,83100.0,87846.41546532797,5.71169129401681,BUY,regular,0.6,99081.49426079621,82309.61302547887,0.20182769236242287,False,1,15
2025-04-01 05:00:00,83006.67,87657.09315431963,5.602469240507584,BUY,regular,0.6,99062.65768226804,82309.61302547887,0.20182769236242287,False,1,18
2025-04-01 08:00:00,84121.94,87926.72658302242,4.522942032747245,BUY,regular,0.6,99287.75005272907,82309.61302547887,0.20182769236242287,False,1,21
2025-04-01 11:00:00,83930.3,87542.841210085,4.3042157719977086,BUY,regular,0.6,99249.07179376474,82309.61302547887,0.20182769236242287,False,1,24
2025-04-01 14:00:00,84195.92,87856.93135703084,4.3482051826630626,BUY,regular,0.6,99302.68126541004,82309.61302547887,0.20182769236242287,False,1,27
2025-04-01 17:00:00,85117.85,87703.47971134854,3.0377056179738258,BUY,regular,0.6,99399.27985062299,82724.33496114804,0.19590420680826584,True,1,0
2025-04-01 20:00:00,85231.28,87842.9406242907,3.064204391029561,BUY,regular,0.6,99421.50126480125,82724.33496114804,0.19590420680826584,False,1,3
2025-04-01 23:00:00,85158.34,87646.38217060114,2.921665888040021,BUY,regular,0.6,99407.21201195665,82724.33496114804,0.19590420680826584,False,1,6
2025-04-02 02:00:00,84714.36,87354.48332432719,3.116500348143084,BUY,regular,0.6,99320.23446221792,82724.33496114804,0.19590420680826584,False,1,9
2025-04-02 05:00:00,84100.0,87123.19105049942,3.594757491675881,BUY,regular,0.6,99199.8787537232,82724.33496114804,0.19590420680826584,False,1,12
2025-04-02 08:00:00,84677.04,87618.1746615536,3.4733555418961295,BUY,regular,0.6,99312.92331721983,82724.33496114804,0.19590420680826584,False,1,15
2025-04-02 11:00:00,84566.91,87481.04475554796,3.4459515613707046,BUY,regular,0.6,99291.34838692404,82724.33496114804,0.19590420680826584,False,1,18
2025-04-02 14:00:00,85877.75,87990.45171205128,2.4601269968662147,BUY,regular,0.6,99548.14745737659,82724.33496114804,0.19590420680826584,False,1,21
2025-04-02 17:00:00,86615.33,88458.55584153124,2.12805959583741,BUY,regular,0.6,99692.64248223422,82724.33496114804,0.19590420680826584,False,1,24
2025-04-02 20:00:00,85659.99,87972.59710605245,2.699751781493835,BUY,regular,0.6,99505.48735730202,82724.33496114804,0.19590420680826584,False,1,27
2025-04-02 23:00:00,82516.29,87145.43319179301,5.609974941666691,BUY,regular,0.6438391144569017,98799.93628211244,81446.5760913215,0.21030223475620302,True,1,0
2025-04-03 02:00:00,83768.01,87471.61383173874,4.421262760973722,BUY,regular,0.6,99063.17579540148,81446.5760913215,0.21030223475620302,False,1,3
2025-04-03 05:00:00,83343.75,87265.26086000616,4.7052248788975355,BUY,regular,0.6059953429412376,98973.9529692838,81446.5760913215,0.21030223475620302,False,1,6
2025-04-03 08:00:00,83679.99,87886.88878512006,5.027365305755953,BUY,regular,0.6,99044.66499269824,81446.5760913215,0.21030223475620302,False,1,9
2025-04-03 11:00:00,83096.01,87463.38791320546,5.255821444622266,BUY,regular,0.6076481229545853,98921.8526936453,81446.5760913215,0.21030223475620302,False,1,12
2025-04-03 14:00:00,81532.0,86843.83283543793,6.515028253247723,BUY,regular,0.6451966983023916,98592.93789546425,81446.5760913215,0.21030223475620302,False,1,15
2025-04-03 17:00:00,81830.01,87382.27145736467,6.785116435113074,BUY,regular,0.6259943584865989,98655.61006444394,81446.5760913215,0.21030223475620302,False,1,18
2025-04-03 20:00:00,82363.99,87705.32807168417,6.485040454796039,BUY,regular,0.6,98678.55007336955,82124.51279342624,0.2009863446385164,True,1,0
2025-04-03 23:00:00,83213.09,88050.88653361182,5.813744608704979,BUY,regular,0.6,98849.20757860213,82124.51279342624,0.2009863446385164,False,1,3
2025-04-04 02:00:00,82910.86,87691.14041985026,5.765566078858978,BUY,regular,0.6,98788.46347566202,82124.51279342624,0.2009863446385164,False,1,6
2025-04-04 05:00:00,83200.0,87989.52849117236,5.756644821120622,BUY,regular,0.6,98846.5766673508,82124.51279342624,0.2009863446385164,False,1,9
2025-04-04 08:00:00,84415.99,88407.61298352228,4.728515277167603,BUY,regular,0.6,99090.97405256779,82124.51279342624,0.2009863446385164,False,1,12
2025-04-04 11:00:00,82680.45,87814.3805772994,6.209364580501676,BUY,regular,0.6,98742.15421199387,82124.51279342624,0.2009863446385164,False,1,15
2025-04-04 14:00:00,82573.98,87747.95954155346,6.265871575469005,BUY,regular,0.6,98632.87352138647,82086.49881191854,0.2003824293011906,True,1,0
2025-04-04 17:00:00,84460.0,88675.06008398996,4.990599199609231,BUY,regular,0.6,99010.7987906971,82086.49881191854,0.2003824293011906,False,1,3
2025-04-04 20:00:00,84164.02,88408.03191923478,5.042548964788965,BUY,regular,0.6,98951.48959927254,82086.49881191854,0.2003824293011906,False,1,6
2025-04-04 23:00:00,83889.87,88179.47474751208,5.11337632006354,BUY,regular,0.6,98896.55475627961,82086.49881191854,0.2003824293011906,False,1,9
2025-04-05 02:00:00,83976.61,88040.0236544327,4.838744567603651,BUY,regular,0.6,98913.9359281972,82086.49881191854,0.2003824293011906,False,1,12
2025-04-05 05:00:00,83688.67,87801.78450859243,4.9147805892869805,BUY,regular,0.6,98856.23781150422,82086.49881191854,0.2003824293011906,False,1,15
2025-04-05 08:00:00,83519.96,87859.92292098604,5.1963182465437345,BUY,regular,0.6,98822.4312918568,82086.49881191854,0.2003824293011906,False,1,18
2025-04-05 11:00:00,83452.69,87748.39657940793,5.147475269410638,BUY,regular,0.6,98808.95156583772,82086.49881191854,0.2003824293011906,False,1,21
2025-04-05 14:00:00,82914.67,87506.7680791191,5.538342104140432,BUY,regular,0.6034530586391993,98613.03193136395,82008.74732787213,0.2002575009162048,True,1,0
2025-04-05 17:00:00,82869.53,87704.27587650294,5.834165919009006,BUY,regular,0.6,98603.9923077726,82008.74732787213,0.2002575009162048,False,1,3
2025-04-05 20:00:00,83075.47,88020.43925420126,5.952381917551912,BUY,regular,0.6,98645.23333751128,82008.74732787213,0.2002575009162048,False,1,6
2025-04-05 23:00:00,83537.99,88344.5350348431,5.75372358712855,BUY,regular,0.6,98737.85643683503,82008.74732787213,0.2002575009162048,False,1,9
2025-04-06 02:00:00,83300.01,87940.94254763168,5.571346927367342,BUY,regular,0.6,98690.19915676699,82008.74732787213,0.2002575009162048,False,1,12
2025-04-06 05:00:00,83450.01,87980.89907629353,5.429464989031797,BUY,regular,0.6,98720.23778190443,82008.74732787213,0.2002575009162048,False,1,15
2025-04-06 08:00:00,83034.26,87713.6982585749,5.63555122737881,BUY,regular,0.6,98549.0815297464,82016.76353019506,0.19910237051009233,True,1,0
2025-04-06 11:00:00,82855.99,87682.92153315473,5.825688080191577,BUY,regular,0.6026096949036926,98513.58755015557,82016.76353019506,0.19910237051009233,False,1,3
2025-04-06 14:00:00,82667.07,87664.14371087887,6.044817738041108,BUY,regular,0.6018639124702818,98475.9731303188,82016.76353019506,0.19910237051009233,False,1,6
2025-04-06 17:00:00,80808.81,86875.01853159387,7.506865317771509,BUY,regular,0.6940967702449928,98013.98227541504,79912.71454649666,0.22400116681483595,True,1,0
2025-04-06 20:00:00,78867.99,86057.3001820377,9.115624960186878,BUY,regular,0.7044873987562605,97483.79632759967,79298.25942366604,0.23058197506914568,True,1,0
2025-04-06 23:00:00,78430.0,85615.11593405684,9.161183136627363,BUY,regular,0.6895616700122802,97382.80372833913,79298.25942366604,0.23058197506914568,False,1,3
2025-04-07 02:00:00,78447.42,85414.02338198444,8.880602296397313,BUY,regular,0.6591725171964592,97386.82046634484,79298.25942366604,0.23058197506914568,False,1,6
2025-04-07 05:00:00,76942.82,84917.75236772218,10.36475186082622,BUY,regular,0.6891009299681293,96945.51525609798,79128.68264285177,0.23155939193866565,True,1,0
2025-04-07 08:00:00,76266.89,83899.84809336279,10.008219941002954,BUY,regular,0.6508457790480153,96788.99731630487,79128.68264285177,0.23155939193866565,False,1,3
2025-04-07 11:00:00,76685.62,82187.0971244783,7.1740661736559,BUY,regular,0.6282570667764846,96885.95818049135,79128.68264285177,0.23155939193866565,False,1,6
2025-04-07 14:00:00,79033.11,84179.79174944815,6.512057730548817,BUY,regular,0.6,97429.54153747344,79128.68264285177,0.23155939193866565,False,1,9
2025-04-07 17:00:00,79074.5,84898.87396765315,7.365679160352776,BUY,regular,0.6,97439.12578070578,79128.68264285177,0.23155939193866565,False,1,12
2025-04-07 20:00:00,78955.26,84437.79402253908,6.943848988071324,BUY,regular,0.6,97411.51463881102,79128.68264285177,0.23155939193866565,False,1,15
2025-04-07 23:00:00,79163.24,84091.43306447701,6.225355435776761,BUY,regular,0.6,97459.67436114642,79128.68264285177,0.23155939193866565,False,1,18
2025-04-08 02:00:00,79947.05,84022.50215126274,5.097689222132323,BUY,regular,0.6,97641.17292814187,79128.68264285177,0.23155939193866565,False,1,21
2025-04-08 05:00:00,79872.25,83970.07573922088,5.1304749011338435,BUY,regular,0.6,97623.85228562486,79128.68264285177,0.23155939193866565,False,1,24
2025-04-08 08:00:00,79154.02,83957.87946244064,6.069002512368468,BUY,regular,0.6,97457.53938355275,79128.68264285177,0.23155939193866565,False,1,27
2025-04-08 11:00:00,79982.0,85110.69693855452,6.412313943830517,BUY,regular,0.6,97558.13148724545,81192.05249236053,0.20462202739222476,True,1,0
2025-04-08 14:00:00,78479.91,84128.77629796315,7.197850122360165,BUY,regular,0.6,97250.77078611986,81192.05249236053,0.20462202739222476,False,1,3
2025-04-08 17:00:00,77349.99,83465.89725300967,7.906797729398103,BUY,regular,0.6196602386447043,96933.02977784631,80329.08715753908,0.21465991941701906,True,1,0
2025-04-08 20:00:00,77133.41,83779.97545055952,8.616973436750062,BUY,regular,0.6195548986135453,96886.53873249897,80329.08715753908,0.21465991941701906,False,1,3
2025-04-08 23:00:00,76322.42,83474.90229622595,9.371403967832716,BUY,regular,0.6433071352643345,96712.45168445096,80329.08715753908,0.21465991941701906,False,1,6
2025-04-09 02:00:00,75674.44,80883.97077246757,6.884135214568572,BUY,regular,0.6560008958638397,96484.1582195496,79326.50488656873,0.22672983550298978,True,1,0
2025-04-09 05:00:00,76734.83,80704.68944697289,5.173477867837701,BUY,regular,0.6,96724.58026981862,79326.50488656873,0.22672983550298978,False,1,3
2025-04-09 08:00:00,77304.35,80486.03688896049,4.115792822733107,BUY,regular,0.6,96853.70744573428,79326.50488656873,0.22672983550298978,False,1,6
2025-04-09 11:00:00,76230.01,80748.507671258,5.927452549537919,BUY,regular,0.6037386350123358,96610.12251426,79326.50488656873,0.22672983550298978,False,1,9
2025-04-09 14:00:00,76870.0,82539.35531324471,7.375250830291027,BUY,regular,0.6,96755.22734168355,79326.50488656873,0.22672983550298978,False,1,12
2025-04-09 17:00:00,82202.16,84485.00271413906,2.7771079423448928,BUY,regular,0.6,97872.64407336086,81453.80332760207,0.1997373395754904,True,1,0
2025-04-09 20:00:00,83204.0,84654.48600013528,1.7432887843556548,BUY,regular,0.6,98072.74892964118,81453.80332760207,0.1997373395754904,False,1,3
2025-04-09 23:00:00,82615.22,85745.75194654314,3.7892920294143604,BUY,regular,0.6,97955.14757884592,81453.80332760207,0.1997373395754904,False,1,6
2025-04-10 02:00:00,82200.0,86394.7051701675,5.10304765227189,BUY,regular,0.6,97872.21264070738,81453.80332760207,0.1997373395754904,False,1,9
2025-04-10 05:00:00,82158.03,86516.90631295748,5.305478129109814,BUY,regular,0.6,97863.82966456539,81453.80332760207,0.1997373395754904,False,1,12
2025-04-10 08:00:00,81549.99,86650.83052922788,6.254863463782002,BUY,regular,0.6,97742.38137260992,81453.80332760207,0.1997373395754904,False,1,15
2025-04-10 11:00:00,81882.01,86382.20015082165,5.495944897812907,BUY,regular,0.6,97721.80434729389,81328.26805165879,0.2002092559236774,True,1,0
2025-04-10 14:00:00,81272.19,85521.10231251249,5.228002730715746,BUY,regular,0.6,97599.71273884652,81328.26805165879,0.2002092559236774,False,1,3
2025-04-10 17:00:00,79328.01,85511.1946483912,7.794453243427143,BUY,regular,0.6059798661210309,97124.507433708,80726.7223521737,0.20670864025877247,True,1,0
2025-04-10 20:00:00,79931.55,85186.73358792959,6.5746048812134665,BUY,regular,0.6,97249.26436644979,80726.7223521737,0.20670864025877247,False,1,3
2025-04-10 23:00:00,79607.3,84573.13485223218,6.237913925270893,BUY,regular,0.6,97182.23908984588,80726.7223521737,0.20670864025877247,False,1,6
2025-04-11 02:00:00,80302.05,85253.98892584657,6.166640734385444,BUY,regular,0.6,97325.84991766566,80726.7223521737,0.20670864025877247,False,1,9
2025-04-11 05:00:00,80816.0,84646.64866996162,4.739963212682664,BUY,regular,0.6,97432.08782332666,80726.7223521737,0.20670864025877247,False,1,12
2025-04-11 08:00:00,81631.89,86044.8293295652,5.40590121037893,BUY,regular,0.6,97600.73933582738,80726.7223521737,0.20670864025877247,False,1,15
2025-04-11 11:00:00,82129.67,86884.71059168821,5.78967453745792,BUY,regular,0.6,97703.6347627754,80726.7223521737,0.20670864025877247,False,1,18
2025-04-11 14:00:00,81898.0,87574.49741402452,6.9311795331076675,BUY,regular,0.6,97655.74657208665,80726.7223521737,0.20670864025877247,False,1,21
2025-04-11 17:00:00,83930.0,88988.21054454766,6.02670147092537,BUY,regular,0.6,97986.74948488752,81548.76673476353,0.1958534820698676,True,1,0
2025-04-11 20:00:00,83848.0,88037.76959030546,4.9968628831999045,BUY,regular,0.6,97970.68949935779,81548.76673476353,0.1958534820698676,False,1,3
2025-04-11 23:00:00,83423.84,87798.55276574152,5.243959958857715,BUY,regular,0.6,97887.61628640303,81548.76673476353,0.1958534820698676,False,1,6
2025-04-12 02:00:00,82804.87,87732.41513877049,5.950791467664277,BUY,regular,0.6,97766.38885660625,81548.76673476353,0.1958534820698676,False,1,9
2025-04-12 05:00:00,83338.92,88019.36353140135,5.616155730601445,BUY,regular,0.6,97870.98440870566,81548.76673476353,0.1958534820698676,False,1,12
2025-04-12 08:00:00,83604.77,88015.49947178316,5.275691173820768,BUY,regular,0.6,97923.05205691393,81548.76673476353,0.1958534820698676,False,1,15
2025-04-12 11:00:00,83528.3,88107.51640918193,5.482233457620865,BUY,regular,0.6,97908.07514114006,81548.76673476353,0.1958534820698676,False,1,18
2025-04-12 14:00:00,84827.75,88309.51471290633,4.10451145162559,BUY,regular,0.6,98162.57694841574,81548.76673476353,0.1958534820698676,False,1,21
2025-04-12 17:00:00,84760.71,87995.25528347165,3.816090360111001,BUY,regular,0.6,98149.44693097778,81548.76673476353,0.1958534820698676,False,1,24
2025-04-12 20:00:00,85517.29,88052.51996503216,2.964581741343962,BUY,regular,0.6,98297.6257584422,81548.76673476353,0.1958534820698676,False,1,27
2025-04-12 23:00:00,85276.9,88090.68833656532,3.299590318791285,BUY,regular,0.6,98250.54453988743,81548.76673476353,0.1958534820698676,False,1,30
2025-04-13 02:00:00,85302.22,87791.68497254331,2.918405842829544,BUY,regular,0.6,98255.50355005343,81548.76673476353,0.1958534820698676,False,1,33
2025-04-13 05:00:00,84515.58,87892.04827839609,3.995083839448406,BUY,regular,0.6,98101.43736691799,81548.76673476353,0.1958534820698676,False,1,36
2025-04-13 08:00:00,84664.6,87874.13449031199,3.7908813014081257,BUY,regular,0.6,98130.62345281604,81548.76673476353,0.1958534820698676,False,1,39
2025-04-13 11:00:00,84528.66,87240.50297738973,3.2081935019314423,BUY,regular,0.6,98016.54121513374,81573.56068775458,0.19452550800378426,True,1,0
2025-04-13 14:00:00,84093.22,87531.10347155953,4.0881815104232295,BUY,regular,0.6,97931.83702792857,81573.56068775458,0.19452550800378426,False,1,3
2025-04-13 17:00:00,84754.85,87454.53376390856,3.185285283271172,BUY,regular,0.6,98060.54093978912,81573.56068775458,0.19452550800378426,False,1,6
2025-04-13 20:00:00,83499.99,87021.412860782,4.217273392226749,BUY,regular,0.608364890322565,97816.43866081549,81573.56068775458,0.19452550800378426,False,1,9
2025-04-13 23:00:00,83760.0,87375.10112829795,4.316023314586849,BUY,regular,0.6,97867.01723815154,81573.56068775458,0.19452550800378426,False,1,12
2025-04-14 02:00:00,85140.7,88075.92373539502,3.447497771800113,BUY,regular,0.6,98135.59860705238,81573.56068775458,0.19452550800378426,False,1,15
2025-04-14 05:00:00,84575.18,87903.69666479154,3.9355714818360976,BUY,regular,0.6,97938.38236843003,81508.51355034462,0.1942634803506822,True,1,0
2025-04-14 08:00:00,84763.18,87970.00297653738,3.783273558799214,BUY,regular,0.6,97974.90390273595,81508.51355034462,0.1942634803506822,False,1,3
2025-04-14 11:00:00,84927.55,88196.42695003735,3.849018310356705,BUY,regular,0.6,98006.8349910012,81508.51355034462,0.1942634803506822,False,1,6
2025-04-14 14:00:00,85423.6,88232.87992141681,3.2886461369186084,BUY,regular,0.6,98103.19939042916,81508.51355034462,0.1942634803506822,False,1,9
2025-04-14 17:00:00,84859.73,88222.28490531804,3.9624859816523625,BUY,regular,0.6,97993.66004176383,81508.51355034462,0.1942634803506822,False,1,12
2025-04-14 20:00:00,84861.82,87840.14980981222,3.509622831341842,BUY,regular,0.6,97994.06605243776,81508.51355034462,0.1942634803506822,False,1,15
2025-04-14 23:00:00,84591.58,87711.89162115421,3.6886787327464594,BUY,regular,0.6,97854.44460755918,81438.65695322839,0.19405935737730395,True,1,0
2025-04-15 02:00:00,85232.83,88187.59093671336,3.4666934521748907,BUY,regular,0.6,97978.88517047738,81438.65695322839,0.19405935737730395,False,1,3
2025-04-15 05:00:00,85545.71,87890.45061299222,2.7409213308209335,BUY,regular,0.6,98039.6024622136,81438.65695322839,0.19405935737730395,False,1,6
2025-04-15 08:00:00,85850.0,88048.93835566773,2.5613725750352185,BUY,regular,0.6,98098.65278406994,81438.65695322839,0.19405935737730395,False,1,9
2025-04-15 11:00:00,85589.23,87965.94410153721,2.7768845467323615,BUY,regular,0.6,98048.04792544665,81438.65695322839,0.19405935737730395,False,1,12
2025-04-15 14:00:00,85146.88,87653.8236259935,2.9442577649274853,BUY,regular,0.6,97962.2057687108,81438.65695322839,0.19405935737730395,False,1,15
2025-04-15 17:00:00,84483.23,87685.42716793352,3.790334682911065,BUY,regular,0.6103732593864704,97745.82870734934,81165.91403774513,0.19625095619100047,True,1,0
2025-04-15 20:00:00,84020.01,87595.44526189491,4.255456839263552,BUY,regular,0.6340037287011698,97654.92133942255,81165.91403774513,0.19625095619100047,False,1,3
2025-04-15 23:00:00,83643.99,87566.4958009423,4.6895249747678145,BUY,regular,0.64721383135368,97581.1270548756,81165.91403774513,0.19625095619100047,False,1,6
2025-04-16 02:00:00,83900.0,87845.53411090995,4.702662825875987,BUY,regular,0.6023021994758473,97631.36926217006,81165.91403774513,0.19625095619100047,False,1,9
2025-04-16 05:00:00,83363.0,87670.36154175532,5.166994400099951,BUY,regular,0.6308041897087023,97525.98249869549,81165.91403774513,0.19625095619100047,False,1,12
2025-04-16 08:00:00,83736.79,87962.22241829975,5.046088366057204,BUY,regular,0.6,97599.33914361012,81165.91403774513,0.19625095619100047,False,1,15
2025-04-16 11:00:00,84048.11,87915.64169764801,4.601568908150356,BUY,regular,0.6,97660.43599129151,81165.91403774513,0.19625095619100047,False,1,18
2025-04-16 14:00:00,84605.31,88522.11671023838,4.62950459047828,BUY,regular,0.6,97682.41709012006,81295.48829047191,0.19368676504640353,True,1,0
2025-04-16 17:00:00,83281.21,87525.62758859352,5.096488858163217,BUY,regular,0.6035541429048059,97425.9564445221,81295.48829047191,0.19368676504640353,False,1,3
2025-04-16 20:00:00,84295.99,87960.0340993286,4.346641043457213,BUY,regular,0.6,97622.5058999559,81295.48829047191,0.19368676504640353,False,1,6
2025-04-16 23:00:00,84030.38,87544.60724520989,4.182091340310355,BUY,regular,0.6,97571.06075829192,81295.48829047191,0.19368676504640353,False,1,9
2025-04-17 02:00:00,84272.86,87799.98900688015,4.1853676342302215,BUY,regular,0.6,97618.02592508036,81295.48829047191,0.19368676504640353,False,1,12
2025-04-17 05:00:00,84391.3,88109.81761600985,4.406280761180179,BUY,regular,0.6,97640.96618553247,81295.48829047191,0.19368676504640353,False,1,15
2025-04-17 08:00:00,84445.54,88037.13424401224,4.253148531008559,BUY,regular,0.6,97564.6628921829,81197.4882070923,0.19381929093106148,True,1,0
2025-04-17 11:00:00,84562.0,88270.4474744701,4.385477489262435,BUY,regular,0.6,97587.23508680472,81197.4882070923,0.19381929093106148,False,1,3
2025-04-17 14:00:00,84087.08,87813.94970426848,4.432154980608768,BUY,regular,0.6,97495.18642915574,81197.4882070923,0.19381929093106148,False,1,6
2025-04-17 17:00:00,85108.66,88285.95974483638,3.7332273176858557,BUY,regular,0.6,97693.1883403851,81197.4882070923,0.19381929093106148,False,1,9
2025-04-17 20:00:00,85140.0,88253.04370343794,3.6563820806177385,BUY,regular,0.6,97699.26263696287,81197.4882070923,0.19381929093106148,False,1,12
2025-04-17 23:00:00,84947.91,88093.30959946815,3.702739242752583,BUY,regular,0.6,97662.03188936794,81197.4882070923,0.19381929093106148,False,1,15
2025-04-18 02:00:00,84888.0,87996.3820242476,3.661744915945254,BUY,regular,0.6,97563.4181053556,81196.452242218,0.19280659060335498,True,1,0
2025-04-18 05:00:00,84734.97,88022.63469216216,3.879938462434291,BUY,regular,0.6,97533.91291279557,81196.452242218,0.19280659060335498,False,1,3
2025-04-18 08:00:00,84647.32,88059.49887861121,4.031053645421025,BUY,regular,0.6,97517.01341512919,81196.452242218,0.19280659060335498,False,1,6
2025-04-18 11:00:00,84669.11,88121.32467385102,4.0773012422724415,BUY,regular,0.6,97521.21467073844,81196.452242218,0.19280659060335498,False,1,9
2025-04-18 14:00:00,84583.13,88061.85871239408,4.112792601070777,BUY,regular,0.6,97504.63716007836,81196.452242218,0.19280659060335498,False,1,12
2025-04-18 17:00:00,84571.92,88246.99094857552,4.34549783022015,BUY,regular,0.6,97502.47579819769,81196.452242218,0.19280659060335498,False,1,15
2025-04-18 20:00:00,84520.12,88123.86715145547,4.263774295937439,BUY,regular,0.6,97492.48841680444,81196.452242218,0.19280659060335498,False,1,18
2025-04-18 23:00:00,84474.69,88015.35636162221,4.191393139912329,BUY,regular,0.6,97483.72921339332,81196.452242218,0.19280659060335498,False,1,21
2025-04-19 02:00:00,84785.8,88263.33031697471,4.101548038674761,BUY,regular,0.6,97456.98155949055,81107.87119328606,0.1928284024707497,True,1,0
2025-04-19 05:00:00,85079.99,88087.92087749606,3.5354151751734473,BUY,regular,0.6,97513.70974721342,81107.87119328606,0.1928284024707497,False,1,3
2025-04-19 08:00:00,85311.63,88152.55215724482,3.3300526050725026,BUY,regular,0.6,97558.37651836175,81107.87119328606,0.1928284024707497,False,1,6
2025-04-19 11:00:00,85217.4,88163.25799562881,3.4568738258017913,BUY,regular,0.6,97540.20629799692,81107.87119328606,0.1928284024707497,False,1,9
2025-04-19 14:00:00,85415.09,87991.3613369755,3.0161782150853056,BUY,regular,0.6,97578.32654488136,81107.87119328606,0.1928284024707497,False,1,12
2025-04-19 17:00:00,85239.92,88156.44193465335,3.421544664346653,BUY,regular,0.6,97544.54879362058,81107.87119328606,0.1928284024707497,False,1,15
2025-04-19 20:00:00,85195.85,88201.40124095729,3.5278141376103225,BUY,regular,0.6,97449.16163230468,81101.36311519064,0.1918849159567518,True,1,0
2025-04-19 23:00:00,85077.01,88071.62545200746,3.519887983848355,BUY,regular,0.6,97426.35802889237,81101.36311519064,0.1918849159567518,False,1,3
2025-04-20 02:00:00,85226.44,88159.1528724529,3.441083392023535,BUY,regular,0.6,97455.0313918838,81101.36311519064,0.1918849159567518,False,1,6
2025-04-20 05:00:00,85088.54,87905.01924628916,3.310057084407799,BUY,regular,0.6,97428.57046197336,81101.36311519064,0.1918849159567518,False,1,9
2025-04-20 08:00:00,84647.3,87867.2353551199,3.803943368683823,BUY,regular,0.6209611971258668,97343.9031616566,81101.36311519064,0.1918849159567518,False,1,12
2025-04-20 11:00:00,84129.83,87428.54895684501,3.920986119721164,BUY,regular,0.6669479255694968,97244.60847419646,81101.36311519064,0.1918849159567518,False,1,15
2025-04-20 14:00:00,84626.16,87673.75242689115,3.6012415391306276,BUY,regular,0.6,97339.84671453328,81101.36311519064,0.1918849159567518,False,1,18
2025-04-20 17:00:00,84581.98,87801.59706540772,3.8065047252473034,BUY,regular,0.6,97331.36923894631,81101.36311519064,0.1918849159567518,False,1,21
2025-04-20 20:00:00,85127.58,87969.84533912876,3.338830187735585,BUY,regular,0.6,97349.41470461257,81018.34945281655,0.19184223552221288,True,1,0
2025-04-20 23:00:00,85179.24,88166.0955942135,3.506553467973533,BUY,regular,0.6,97359.32527449964,81018.34945281655,0.19184223552221288,False,1,3
2025-04-21 02:00:00,87350.01,88533.99052571808,1.3554440643087335,BUY,regular,0.6,97775.7706441042,81018.34945281655,0.19184223552221288,False,1,6
2025-04-21 05:00:00,87550.0,88488.4858791308,1.0719427517199394,BUY,regular,0.6,97814.13717278629,81018.34945281655,0.19184223552221288,False,1,9
2025-04-21 08:00:00,87569.28,88730.40586014549,1.3259511328007838,BUY,regular,0.6,97817.83589108716,81018.34945281655,0.19184223552221288,False,1,12
2025-04-21 11:00:00,86971.92,88449.28078042789,1.6986640980535868,BUY,regular,0.6,97703.2370132756,81018.34945281655,0.19184223552221288,False,1,15
2025-04-21 14:00:00,88208.37,88622.88768439872,0.46993010345699426,HOLD,regular,0.0,97940.44034538705,81018.34945281655,0.19184223552221288,False,1,18
2025-04-21 17:00:00,86847.39,88507.53135332587,1.9115615947996534,BUY,regular,0.6,97679.34689968602,81018.34945281655,0.19184223552221288,False,1,21
2025-04-21 20:00:00,87367.92,89601.33700906554,2.556335333455963,BUY,regular,0.6,97779.2065385424,81018.34945281655,0.19184223552221288,False,1,24
2025-04-21 23:00:00,87516.23,89103.51843799015,1.813707512298178,BUY,regular,0.6,97807.6586604927,81018.34945281655,0.19184223552221288,False,1,27
2025-04-22 02:00:00,88169.21,89234.43057414988,1.2081548356278529,BUY,regular,0.6,97844.84639621417,81430.66891094552,0.18616677505978158,True,1,0
2025-04-22 05:00:00,88391.27,89199.05658281343,0.9138759775862747,BUY,regular,0.6,97886.18659028393,81430.66891094552,0.18616677505978158,False,1,3
2025-04-22 08:00:00,88414.33,89509.03429354362,1.2381525636665667,BUY,regular,0.6,97890.47959611681,81430.66891094552,0.18616677505978158,False,1,6
2025-04-22 11:00:00,88614.1,89325.5883886304,0.8029065223597451,BUY,regular,0.5352710149064966,97927.67013277051,81430.66891094552,0.18616677505978158,False,1,9
2025-04-22 14:00:00,90797.73,90755.82205493463,-0.04615527840328852,HOLD,regular,0.0,98334.1894877943,81430.66891094552,0.18616677505978158,False,1,12
2025-04-22 17:00:00,91396.14,90334.86677817689,-1.161179478502167,SELL,regular,0.7070757948522453,98445.59354765783,81430.66891094552,0.18616677505978158,False,1,15
2025-04-22 20:00:00,91111.72,90616.03871352247,-0.5440368006196431,SELL,regular,0.4365002375252091,98392.64399349532,81430.66891094552,0.18616677505978158,False,1,18
2025-04-22 23:00:00,93442.99,91397.8996650816,-2.1885968491787433,SELL,regular,0.70938163068081,98791.85705098844,98791.85705098844,0.0,False,0,0
2025-04-23 02:00:00,92868.77,91214.3197093768,-1.781492627309706,SELL,regular,0.6647916666420195,98791.85705098844,98791.85705098844,0.0,False,0,0
2025-04-23 05:00:00,93478.42,91685.95772323606,-1.9175145202111221,SELL,regular,0.6709308917824806,98791.85705098844,98791.85705098844,0.0,False,0,0
2025-04-23 08:00:00,94285.72,92064.3177719207,-2.3560325233548616,SELL,regular,0.6898814325160763,98791.85705098844,98791.85705098844,0.0,False,0,0
2025-04-23 11:00:00,93466.01,91652.47293236406,-1.9403171994139161,SELL,regular,0.6328857084817056,98791.85705098844,98791.85705098844,0.0,False,0,0
2025-04-23 14:00:00,92940.06,91412.96028006027,-1.643101715169674,SELL,regular,0.6,98791.85705098844,98791.85705098844,0.0,False,0,0
2025-04-23 17:00:00,93894.37,92092.29340522125,-1.9192594771962834,SELL,regular,0.6319707846888137,98791.85705098844,98791.85705098844,0.0,False,0,0
2025-04-23 20:00:00,93640.0,91995.463375742,-1.7562330459824922,SELL,regular,0.6124939147059697,98791.85705098844,98791.85705098844,0.0,False,0,0
2025-04-23 23:00:00,93691.08,92964.93928825326,-0.7750371879017149,SELL,regular,0.5256521945243524,98791.85705098844,98791.85705098844,0.0,False,0,0
2025-04-24 02:00:00,93101.23,92636.29577627228,-0.49938569418225304,HOLD,regular,0.0,98791.85705098844,98791.85705098844,0.0,False,0,0
2025-04-24 05:00:00,92576.61,92523.24963768075,-0.05763914051210844,HOLD,regular,0.0,98791.85705098844,98791.85705098844,0.0,False,0,0
2025-04-24 08:00:00,92017.75,92605.00104956965,0.6381932285560643,BUY,regular,0.4442588899414224,98746.24544685057,84946.32086469367,0.14997024576407167,True,1,0
2025-04-24 11:00:00,92619.94,92746.62783413875,0.13678246189616314,HOLD,regular,0.0,98836.55602914724,84946.32086469367,0.14997024576407167,False,1,3
2025-04-24 14:00:00,93101.83,93348.27968413488,0.26470981734180055,HOLD,regular,0.0,98908.82519087849,84946.32086469367,0.14997024576407167,False,1,6
2025-04-24 17:00:00,93011.28,93614.37340980284,0.6484088916987675,BUY,regular,0.432272594465845,98895.24538512455,84946.32086469367,0.14997024576407167,False,1,9
2025-04-24 20:00:00,93390.66,93490.46588428144,0.10686923540473457,HOLD,regular,0.0,98952.14109696253,84946.32086469367,0.14997024576407167,False,1,12
2025-04-24 23:00:00,93980.47,94265.77286990886,0.30357676430950054,HOLD,regular,0.0,99040.59504761663,84946.32086469367,0.14997024576407167,False,1,15
2025-04-25 02:00:00,92992.33,92971.76416324626,-0.02211562690572422,HOLD,regular,0.0,98892.40344896732,84946.32086469367,0.14997024576407167,False,1,18
2025-04-25 05:00:00,93206.05,93450.15815347084,0.26190161847952526,HOLD,regular,0.0,98924.45508989203,84946.32086469367,0.14997024576407167,False,1,21
2025-04-25 08:00:00,93680.01,93897.27092886096,0.23191813158534827,HOLD,regular,0.0,98995.53498757436,84946.32086469367,0.14997024576407167,False,1,24
2025-04-25 11:00:00,94635.67,94462.1300715874,-0.1833768687986288,HOLD,regular,0.0,99138.85555264125,84946.32086469367,0.14997024576407167,False,1,27
2025-04-25 14:00:00,95368.0,95067.53302747506,-0.3150605785220834,HOLD,regular,0.0,99220.0785379256,99220.0785379256,0.0,False,0,0
2025-04-25 17:00:00,94527.79,94787.00707936002,0.27422314576488405,HOLD,regular,0.0,99220.0785379256,99220.0785379256,0.0,False,0,0
2025-04-25 20:00:00,94869.57,94736.60545603221,-0.14015510344128132,HOLD,regular,0.0,99220.0785379256,99220.0785379256,0.0,False,0,0
2025-04-25 23:00:00,94638.68,94972.06235633607,0.3522686034252363,HOLD,regular,0.0,99220.0785379256,99220.0785379256,0.0,False,0,0
2025-04-26 02:00:00,95000.0,95101.37252556674,0.10670792164919764,HOLD,regular,0.0,99220.0785379256,99220.0785379256,0.0,False,0,0
2025-04-26 05:00:00,94626.47,94740.74737123902,0.12076681211823602,HOLD,regular,0.0,99220.0785379256,99220.0785379256,0.0,False,0,0
2025-04-26 08:00:00,94318.04,94316.2202272243,-0.001929400542772517,HOLD,regular,0.0,99220.0785379256,99220.0785379256,0.0,False,0,0
2025-04-26 11:00:00,94144.06,94414.7095510115,0.28748446902704805,HOLD,regular,0.0,99220.0785379256,99220.0785379256,0.0,False,0,0
2025-04-26 14:00:00,94240.01,94635.47357309035,0.41963447700223483,HOLD,regular,0.0,99220.0785379256,99220.0785379256,0.0,False,0,0
2025-04-26 17:00:00,94316.79,94770.52315921227,0.4810735810795503,HOLD,regular,0.0,99220.0785379256,99220.0785379256,0.0,False,0,0
2025-04-26 20:00:00,94087.0,94568.3593513278,0.5116109040864337,HOLD,regular,0.0,99220.0785379256,99220.0785379256,0.0,False,0,0
2025-04-26 23:00:00,94628.0,95076.48895437154,0.4739495227327428,HOLD,regular,0.0,99220.0785379256,99220.0785379256,0.0,False,0,0
2025-04-27 02:00:00,94345.86,94588.9274692926,0.25763448368862907,HOLD,regular,0.0,99220.0785379256,99220.0785379256,0.0,False,0,0
2025-04-27 05:00:00,93923.88,94473.87313168816,0.5855732660194145,HOLD,regular,0.0,99220.0785379256,99220.0785379256,0.0,False,0,0
2025-04-27 08:00:00,94202.51,94451.12294160436,0.2639132880900621,HOLD,regular,0.0,99220.0785379256,99220.0785379256,0.0,False,0,0
2025-04-27 11:00:00,93920.01,94378.9356849388,0.4886346210342225,HOLD,regular,0.0,99220.0785379256,99220.0785379256,0.0,False,0,0
2025-04-27 14:00:00,93985.9,94108.91651335754,0.130888264471107,HOLD,regular,0.0,99220.0785379256,99220.0785379256,0.0,False,0,0
2025-04-27 17:00:00,94043.78,94129.3850249603,0.09102678025096342,HOLD,regular,0.0,99220.0785379256,99220.0785379256,0.0,False,0,0
2025-04-27 20:00:00,94260.86,94677.90808663087,0.4424403582047357,HOLD,regular,0.0,99220.0785379256,99220.0785379256,0.0,False,0,0
2025-04-27 23:00:00,93749.3,94103.03193482889,0.37731688111685896,HOLD,regular,0.0,99220.0785379256,99220.0785379256,0.0,False,0,0
2025-04-28 02:00:00,93621.64,93461.32322363224,-0.171239017355136,HOLD,regular,0.0,99220.0785379256,99220.0785379256,0.0,False,0,0
2025-04-28 05:00:00,94224.28,94423.18982483397,0.2111025150141475,HOLD,regular,0.0,99220.0785379256,99220.0785379256,0.0,False,0,0
2025-04-28 08:00:00,94706.39,94707.8228708029,0.0015129610609232482,HOLD,regular,0.0,99220.0785379256,99220.0785379256,0.0,False,0,0
2025-04-28 11:00:00,95319.99,95245.72810407502,-0.07790799802327006,HOLD,regular,0.0,99220.0785379256,99220.0785379256,0.0,False,0,0
2025-04-28 14:00:00,94417.73,94499.004641559,0.08607985127264568,HOLD,regular,0.0,99220.0785379256,99220.0785379256,0.0,False,0,0
2025-04-28 17:00:00,94100.39,94003.20697185378,-0.10327590368777123,HOLD,regular,0.0,99220.0785379256,99220.0785379256,0.0,False,0,0
2025-04-28 20:00:00,94469.67,94681.40300813527,0.22412802768896115,HOLD,regular,0.0,99220.0785379256,99220.0785379256,0.0,False,0,0
2025-04-28 23:00:00,95011.18,95044.83936756343,0.0354267440562635,HOLD,regular,0.0,99220.0785379256,99220.0785379256,0.0,False,0,0
2025-04-29 02:00:00,94615.68,94720.030214111,0.11028849986704903,HOLD,regular,0.0,99220.0785379256,99220.0785379256,0.0,False,0,0
2025-04-29 05:00:00,94276.49,94555.25279525173,0.29568643810532336,HOLD,regular,0.0,99220.0785379256,99220.0785379256,0.0,False,0,0
2025-04-29 08:00:00,95030.0,95071.44682502227,0.04361446387695547,HOLD,regular,0.0,99220.0785379256,99220.0785379256,0.0,False,0,0
2025-04-29 11:00:00,95129.74,95017.90248882907,-0.11756314184284743,HOLD,regular,0.0,99220.0785379256,99220.0785379256,0.0,False,0,0
2025-04-29 14:00:00,95040.8,95322.08415443754,0.2959614759530018,HOLD,regular,0.0,99220.0785379256,99220.0785379256,0.0,False,0,0
2025-04-29 17:00:00,95231.37,95494.19967512632,0.2759906479622482,HOLD,regular,0.0,99220.0785379256,99220.0785379256,0.0,False,0,0
2025-04-29 20:00:00,94839.32,94927.4984533037,0.09297668235463825,HOLD,regular,0.0,99220.0785379256,99220.0785379256,0.0,False,0,0
2025-04-29 23:00:00,94256.82,94667.65842574873,0.4358712990197628,HOLD,regular,0.0,99220.0785379256,99220.0785379256,0.0,False,0,0
2025-04-30 02:00:00,94641.99,94803.6414645956,0.17080311244046154,HOLD,regular,0.0,99220.0785379256,99220.0785379256,0.0,False,0,0
2025-04-30 05:00:00,94894.0,94911.93644154894,0.018901554944401027,HOLD,regular,0.0,99220.0785379256,99220.0785379256,0.0,False,0,0
2025-04-30 08:00:00,94718.18,94704.09761728966,-0.01486766607036835,HOLD,regular,0.0,99220.0785379256,99220.0785379256,0.0,False,0,0
2025-04-30 11:00:00,95176.66,94966.34522071258,-0.22097306134447503,HOLD,regular,0.0,99220.0785379256,99220.0785379256,0.0,False,0,0
2025-04-30 14:00:00,93705.04,94054.76954958138,0.37322384108836487,HOLD,regular,0.0,99220.0785379256,99220.0785379256,0.0,False,0,0
2025-04-30 17:00:00,94100.39,94323.2437655472,0.23682554933853386,HOLD,regular,0.0,99220.0785379256,99220.0785379256,0.0,False,0,0
2025-04-30 20:00:00,94555.99,94813.55888873515,0.2723982782424916,HOLD,regular,0.0,99220.0785379256,99220.0785379256,0.0,False,0,0
2025-04-30 23:00:00,94172.0,94642.5048060821,0.49962282428120786,HOLD,regular,0.0,99220.0785379256,99220.0785379256,0.0,False,0,0
2025-05-01 02:00:00,94867.46,95077.43818467812,0.22133847019632608,HOLD,regular,0.0,99220.0785379256,99220.0785379256,0.0,False,0,0
2025-05-01 05:00:00,95147.96,95200.40413780234,0.05511850995263901,HOLD,regular,0.0,99220.0785379256,99220.0785379256,0.0,False,0,0
2025-05-01 08:00:00,95210.16,95173.29371188911,-0.03872096014846557,HOLD,regular,0.0,99220.0785379256,99220.0785379256,0.0,False,0,0
2025-05-01 11:00:00,96180.01,96095.86171989012,-0.08749040482515597,HOLD,regular,0.0,99220.0785379256,99220.0785379256,0.0,False,0,0
2025-05-01 14:00:00,96827.99,96730.04634632965,-0.1011522119485883,HOLD,regular,0.0,99220.0785379256,99220.0785379256,0.0,False,0,0
2025-05-01 17:00:00,96794.17,96928.30115208405,0.1385735856653904,HOLD,regular,0.0,99220.0785379256,99220.0785379256,0.0,False,0,0
2025-05-01 20:00:00,96407.9,97079.8016976956,0.6969363482615061,BUY,regular,0.46462423217433735,99173.06946875123,84950.33774191426,0.1475266210221047,True,1,0
2025-05-01 23:00:00,96489.91,96773.31042282734,0.29370990482563475,HOLD,regular,0.0,99185.16812694125,84950.33774191426,0.1475266210221047,False,1,3
2025-05-02 02:00:00,96952.58,97062.25803697688,0.1131254443944474,HOLD,regular,0.0,99253.42426868956,84950.33774191426,0.1475266210221047,False,1,6
2025-05-02 05:00:00,96707.54,96955.05914673717,0.2559460686696993,HOLD,regular,0.0,99217.27434547429,84950.33774191426,0.1475266210221047,False,1,9
2025-05-02 08:00:00,96636.2,96773.73976715785,0.1423273754119615,HOLD,regular,0.0,99206.74979633058,84950.33774191426,0.1475266210221047,False,1,12
2025-05-02 11:00:00,96928.97,97427.78014688351,0.5146141002875698,HOLD,regular,0.0,99249.94116516723,84950.33774191426,0.1475266210221047,False,1,15
2025-05-02 14:00:00,97748.4,97609.26100385774,-0.1423440139605904,HOLD,regular,0.0,99370.82890423137,84950.33774191426,0.1475266210221047,False,1,18
2025-05-02 17:00:00,97402.55,97481.87750548463,0.08144294526645433,HOLD,regular,0.0,99319.80682235087,84950.33774191426,0.1475266210221047,False,1,21
2025-05-02 20:00:00,97022.31,97228.8064582044,0.21283399478367906,HOLD,regular,0.0,99263.71129997342,84950.33774191426,0.1475266210221047,False,1,24
2025-05-02 23:00:00,96887.14,97183.1148944814,0.3054841896266166,HOLD,regular,0.0,99215.18326184047,99215.18326184047,0.0,False,0,0
2025-05-03 02:00:00,96533.51,96757.47450271453,0.23200700224671275,HOLD,regular,0.0,99215.18326184047,99215.18326184047,0.0,False,0,0
2025-05-03 05:00:00,96417.14,96739.79862432896,0.33464861572222937,HOLD,regular,0.0,99215.18326184047,99215.18326184047,0.0,False,0,0
2025-05-03 08:00:00,96281.0,96398.58262108483,0.12212442858386574,HOLD,regular,0.0,99215.18326184047,99215.18326184047,0.0,False,0,0
2025-05-03 11:00:00,95942.02,96012.63924266168,0.07360616616335183,HOLD,regular,0.0,99215.18326184047,99215.18326184047,0.0,False,0,0
2025-05-03 14:00:00,96380.95,96506.86187558631,0.13063979509054066,HOLD,regular,0.0,99215.18326184047,99215.18326184047,0.0,False,0,0
2025-05-03 17:00:00,96191.56,96481.15077921504,0.3010563288661076,HOLD,regular,0.0,99215.18326184047,99215.18326184047,0.0,False,0,0
2025-05-03 20:00:00,96341.29,96442.64261451706,0.10520163734268217,HOLD,regular,0.0,99215.18326184047,99215.18326184047,0.0,False,0,0
2025-05-03 23:00:00,95856.42,95715.26121058449,-0.14726065235433275,HOLD,regular,0.0,99215.18326184047,99215.18326184047,0.0,False,0,0
2025-05-04 02:00:00,95892.28,95877.24984808068,-0.015673995778717816,HOLD,regular,0.0,99215.18326184047,99215.18326184047,0.0,False,0,0
2025-05-04 05:00:00,96042.72,96172.11828927964,0.13472992984750318,HOLD,regular,0.0,99215.18326184047,99215.18326184047,0.0,False,0,0
2025-05-04 08:00:00,95647.27,95455.7030793359,-0.20028477620333882,HOLD,regular,0.0,99215.18326184047,99215.18326184047,0.0,False,0,0
2025-05-04 11:00:00,95423.2,95305.8132758589,-0.12301696457579676,HOLD,regular,0.0,99215.18326184047,99215.18326184047,0.0,False,0,0
2025-05-04 14:00:00,95611.07,95557.65436968292,-0.055867621099825966,HOLD,regular,0.0,99215.18326184047,99215.18326184047,0.0,False,0,0
2025-05-04 17:00:00,95410.08,95480.98598341661,0.07431707783560289,HOLD,regular,0.0,99215.18326184047,99215.18326184047,0.0,False,0,0
2025-05-04 20:00:00,95719.99,95594.32175988366,-0.13128735190668284,HOLD,regular,0.0,99215.18326184047,99215.18326184047,0.0,False,0,0
2025-05-04 23:00:00,94277.62,94302.31855705864,0.02619768833646871,HOLD,regular,0.0,99215.18326184047,99215.18326184047,0.0,False,0,0
2025-05-05 02:00:00,94236.67,94517.57916146045,0.29808901509407637,HOLD,regular,0.0,99215.18326184047,99215.18326184047,0.0,False,0,0
2025-05-05 05:00:00,94732.77,94488.39721686541,-0.2579601368508379,HOLD,regular,0.0,99215.18326184047,99215.18326184047,0.0,False,0,0
2025-05-05 08:00:00,94559.19,94196.77136077528,-0.38327172559824285,HOLD,regular,0.0,99215.18326184047,99215.18326184047,0.0,False,0,0
2025-05-05 11:00:00,94038.18,94052.77679306087,0.015522198601541328,HOLD,regular,0.0,99215.18326184047,99215.18326184047,0.0,False,0,0
2025-05-05 14:00:00,93879.37,93685.60713148865,-0.20639557818863188,HOLD,regular,0.0,99215.18326184047,99215.18326184047,0.0,False,0,0
2025-05-05 17:00:00,94500.0,94052.74237493837,-0.47328849212870444,HOLD,regular,0.0,99215.18326184047,99215.18326184047,0.0,False,0,0
2025-05-05 20:00:00,94242.02,94164.85006623025,-0.0818848468758947,HOLD,regular,0.0,99215.18326184047,99215.18326184047,0.0,False,0,0
2025-05-05 23:00:00,94733.68,94466.24267957044,-0.2823043720349038,HOLD,regular,0.0,99215.18326184047,99215.18326184047,0.0,False,0,0
2025-05-06 02:00:00,94334.99,94466.29911896978,0.13919450139314524,HOLD,regular,0.0,99215.18326184047,99215.18326184047,0.0,False,0,0
2025-05-06 05:00:00,94345.56,94211.76462917204,-0.14181416786116155,HOLD,regular,0.0,99215.18326184047,99215.18326184047,0.0,False,0,0
2025-05-06 08:00:00,94375.9,94117.51795703525,-0.27377968630205995,HOLD,regular,0.0,99215.18326184047,99215.18326184047,0.0,False,0,0
2025-05-06 11:00:00,93812.54,93754.18142977214,-0.06220764327226465,HOLD,regular,0.0,99215.18326184047,99215.18326184047,0.0,False,0,0
2025-05-06 14:00:00,94147.02,94159.1391181577,0.012872545681957273,HOLD,regular,0.0,99215.18326184047,99215.18326184047,0.0,False,0,0
2025-05-06 17:00:00,94535.93,94735.72699816612,0.21134503904084925,HOLD,regular,0.0,99215.18326184047,99215.18326184047,0.0,False,0,0
2025-05-06 20:00:00,94682.23,94638.43396326914,-0.04625581456082638,HOLD,regular,0.0,99215.18326184047,99215.18326184047,0.0,False,0,0
2025-05-06 23:00:00,96834.02,96925.28117895084,0.09424495538947711,HOLD,regular,0.0,99215.18326184047,99215.18326184047,0.0,False,0,0
2025-05-07 02:00:00,96619.05,96963.08126566774,0.3560698078357648,HOLD,regular,0.0,99215.18326184047,99215.18326184047,0.0,False,0,0
2025-05-07 05:00:00,96380.96,96819.6969350256,0.4552112108300128,HOLD,regular,0.0,99215.18326184047,99215.18326184047,0.0,False,0,0
2025-05-07 08:00:00,97024.45,97172.21061660475,0.15229214554140535,HOLD,regular,0.0,99215.18326184047,99215.18326184047,0.0,False,0,0
2025-05-07 11:00:00,97047.43,97058.50873935758,0.011415798808467516,HOLD,regular,0.0,99215.18326184047,99215.18326184047,0.0,False,0,0
2025-05-07 14:00:00,96938.0,97005.84448525433,0.06998750258343739,HOLD,regular,0.0,99215.18326184047,99215.18326184047,0.0,False,0,0
2025-05-07 17:00:00,96307.54,96497.3347593177,0.19707154737594657,HOLD,regular,0.0,99215.18326184047,99215.18326184047,0.0,False,0,0
2025-05-07 20:00:00,96766.8,96981.60115930327,0.2219781570779147,HOLD,regular,0.0,99215.18326184047,99215.18326184047,0.0,False,0,0
2025-05-07 23:00:00,97030.5,97229.62177093423,0.20521564965060562,HOLD,regular,0.0,99215.18326184047,99215.18326184047,0.0,False,0,0
2025-05-08 02:00:00,98681.99,98173.67220836901,-0.5151069527793208,SELL,regular,0.4135073180929889,99215.18326184047,99215.18326184047,0.0,False,0,0
2025-05-08 05:00:00,98740.61,98760.94463970768,0.020593998464949803,HOLD,regular,0.0,99215.18326184047,99215.18326184047,0.0,False,0,0
2025-05-08 08:00:00,99666.66,99462.66033904385,-0.20468194776081536,HOLD,regular,0.0,99215.18326184047,99215.18326184047,0.0,False,0,0
2025-05-08 11:00:00,99409.14,99619.8787260576,0.21199129784002457,HOLD,regular,0.0,99215.18326184047,99215.18326184047,0.0,False,0,0
2025-05-08 14:00:00,99371.95,99465.27071852429,0.09391052356755969,HOLD,regular,0.0,99215.18326184047,99215.18326184047,0.0,False,0,0
2025-05-08 17:00:00,101027.13,100571.00709586815,-0.45148556049435273,HOLD,regular,0.0,99215.18326184047,99215.18326184047,0.0,False,0,0
2025-05-08 20:00:00,102607.8,101305.20800830741,-1.2694863272505523,SELL,regular,0.7136973248663894,99215.18326184047,99215.18326184047,0.0,False,0,0
2025-05-08 23:00:00,103261.6,102218.35780998017,-1.0102905533323507,SELL,regular,0.724439256520169,99215.18326184047,99215.18326184047,0.0,False,0,0
2025-05-09 02:00:00,102595.5,102153.65207405352,-0.4306698889780548,HOLD,regular,0.0,99215.18326184047,99215.18326184047,0.0,False,0,0
2025-05-09 05:00:00,102979.35,102798.86254249107,-0.17526567948713437,HOLD,regular,0.0,99215.18326184047,99215.18326184047,0.0,False,0,0
2025-05-09 08:00:00,102968.25,102962.18510204132,-0.005890066072487407,HOLD,regular,0.0,99215.18326184047,99215.18326184047,0.0,False,0,0
2025-05-09 11:00:00,102958.31,103349.30074175671,0.37975637105612514,HOLD,regular,0.0,99215.18326184047,99215.18326184047,0.0,False,0,0
2025-05-09 14:00:00,103155.99,103121.80053998774,-0.033143455859675625,HOLD,regular,0.0,99215.18326184047,99215.18326184047,0.0,False,0,0
2025-05-09 17:00:00,103199.99,103100.44900777098,-0.09645445918069112,HOLD,regular,0.0,99215.18326184047,99215.18326184047,0.0,False,0,0
2025-05-09 20:00:00,103183.94,103244.5746072263,0.0587636091685361,HOLD,regular,0.0,99215.18326184047,99215.18326184047,0.0,False,0,0
2025-05-09 23:00:00,102971.99,103135.31787391687,0.15861388511269905,HOLD,regular,0.0,99215.18326184047,99215.18326184047,0.0,False,0,0
2025-05-10 02:00:00,103147.96,103375.31032467572,0.2204118478695238,HOLD,regular,0.0,99215.18326184047,99215.18326184047,0.0,False,0,0
2025-05-10 05:00:00,103361.0,103790.83698666494,0.4158599342739956,HOLD,regular,0.0,99215.18326184047,99215.18326184047,0.0,False,0,0
2025-05-10 08:00:00,103634.92,104278.95015255053,0.6214412599059609,BUY,regular,0.4142941732706406,99171.14139706989,85846.14606354681,0.128576307421505,True,1,0
2025-05-10 11:00:00,103434.94,104278.40110112104,0.8154508535713718,BUY,regular,0.5436339023809146,99145.42870711173,85846.14606354681,0.128576307421505,False,1,3
2025-05-10 14:00:00,103520.41,104198.9249618518,0.6554407597997244,BUY,regular,0.4369605065331496,99156.41812410705,85846.14606354681,0.128576307421505,False,1,6
2025-05-10 17:00:00,103176.88,103779.42670207168,0.5839939161483416,HOLD,regular,0.0,99112.24830521854,85846.14606354681,0.128576307421505,False,1,9
2025-05-10 20:00:00,103193.43,103926.39984330809,0.7102873151014479,BUY,regular,0.47352487673429855,99114.37624310637,85846.14606354681,0.128576307421505,False,1,12
2025-05-10 23:00:00,104809.53,104021.41552487666,-0.7519492503433007,SELL,regular,0.5553233147393434,99322.16841353026,85846.14606354681,0.128576307421505,False,1,15
2025-05-11 02:00:00,103781.06,104631.78576997214,0.819731239950852,BUY,regular,0.5464874933005679,99111.44188122654,83438.5687197801,0.15101862672674987,True,1,0
2025-05-11 05:00:00,103840.0,104443.34790816391,0.5810361211131634,HOLD,regular,0.0,99120.34291908582,83438.5687197801,0.15101862672674987,False,1,3
2025-05-11 08:00:00,103825.39,104332.79808592732,0.4887129110974912,HOLD,regular,0.0,99118.13653694933,83438.5687197801,0.15101862672674987,False,1,6
2025-05-11 11:00:00,104652.01,104904.28417661824,0.24106003947582505,HOLD,regular,0.0,99242.97155417419,83438.5687197801,0.15101862672674987,False,1,9
2025-05-11 14:00:00,104160.0,104519.05091715546,0.3447109419695263,HOLD,regular,0.0,99168.66887963837,83438.5687197801,0.15101862672674987,False,1,12
2025-05-11 17:00:00,104036.7,104364.56438853609,0.3151430106261486,HOLD,regular,0.0,99150.04828296296,83438.5687197801,0.15101862672674987,False,1,15
2025-05-11 20:00:00,104269.85,104422.75960755377,0.14664795964870694,HOLD,regular,0.0,99153.76489667229,99153.76489667229,0.0,False,0,0
2025-05-11 23:00:00,104118.0,104386.8900877859,0.25825514107637276,HOLD,regular,0.0,99153.76489667229,99153.76489667229,0.0,False,0,0
2025-05-12 02:00:00,103885.72,104425.94480545337,0.5200183484827079,HOLD,regular,0.0,99153.76489667229,99153.76489667229,0.0,False,0,0
2025-05-12 05:00:00,103940.0,104286.87226946783,0.33372356115819607,HOLD,regular,0.0,99153.76489667229,99153.76489667229,0.0,False,0,0
2025-05-12 08:00:00,104614.04,104771.42331521746,0.15044186728422204,HOLD,regular,0.0,99153.76489667229,99153.76489667229,0.0,False,0,0
2025-05-12 11:00:00,103762.9,104685.26974759533,0.8889205559938453,BUY,regular,0.5926137039958969,99099.25220279553,82606.276818818,0.1589486741790902,True,1,0
2025-05-12 14:00:00,102799.99,102770.95133985468,-0.02824772662460477,HOLD,regular,0.0,98946.19893494174,82606.276818818,0.1589486741790902,False,1,3
2025-05-12 17:00:00,102556.19,102832.98437911499,0.2698953413879633,HOLD,regular,0.0,98907.44724817688,82606.276818818,0.1589486741790902,False,1,6
2025-05-12 20:00:00,102678.51,102255.93480157922,-0.41155174380771065,HOLD,regular,0.0,98926.88985000245,82606.276818818,0.1589486741790902,False,1,9
2025-05-12 23:00:00,102791.32,102823.6216640145,0.03142450550736425,HOLD,regular,0.0,98944.8208499366,82606.276818818,0.1589486741790902,False,1,12
2025-05-13 02:00:00,102067.99,102346.88421262725,0.27324356306736813,HOLD,regular,0.0,98829.84850544264,82606.276818818,0.1589486741790902,False,1,15
2025-05-13 05:00:00,102477.15,102605.53093627887,0.12527762167358703,HOLD,regular,0.0,98894.88394496976,82606.276818818,0.1589486741790902,False,1,18
2025-05-13 08:00:00,102722.0,102372.43028775576,-0.3403065674774986,HOLD,regular,0.0,98933.8025278425,82606.276818818,0.1589486741790902,False,1,21
2025-05-13 11:00:00,103729.2,103820.1986620414,0.08772714148127851,HOLD,regular,0.0,99060.92039484838,99060.92039484838,0.0,False,0,0
2025-05-13 14:00:00,103191.65,104274.86058159897,1.0497075893243089,BUY,regular,0.6,99006.02430341198,82397.05086349962,0.16095268793465706,True,1,0
2025-05-13 17:00:00,104268.17,104494.1176654376,0.216698600769156,HOLD,regular,0.0,99179.29309102739,82397.05086349962,0.16095268793465706,False,1,3
2025-05-13 20:00:00,104562.39,104454.7955532202,-0.10289975848849311,HOLD,regular,0.0,99226.64859087153,82397.05086349962,0.16095268793465706,False,1,6
2025-05-13 23:00:00,104103.72,104418.53688000099,0.30240694568934523,HOLD,regular,0.0,99152.82442149654,82397.05086349962,0.16095268793465706,False,1,9
2025-05-14 02:00:00,103713.27,104018.79680311392,0.2945879568872074,HOLD,regular,0.0,99089.98044449245,82397.05086349962,0.16095268793465706,False,1,12
2025-05-14 05:00:00,103896.71,103965.07101812484,0.06579709610134608,HOLD,regular,0.0,99119.50560556719,82397.05086349962,0.16095268793465706,False,1,15
2025-05-14 08:00:00,103200.0,103548.70968301331,0.3378969796640588,HOLD,regular,0.0,98974.14762356652,98974.14762356652,0.0,False,0,0
2025-05-14 11:00:00,103944.93,104319.49096692495,0.3603455858067858,HOLD,regular,0.0,98974.14762356652,98974.14762356652,0.0,False,0,0
2025-05-14 14:00:00,103265.46,103582.96751827156,0.3074672966852148,HOLD,regular,0.0,98974.14762356652,98974.14762356652,0.0,False,0,0
2025-05-14 17:00:00,103246.79,103663.72049841765,0.4038193327053133,HOLD,regular,0.0,98974.14762356652,98974.14762356652,0.0,False,0,0
2025-05-14 20:00:00,103555.51,104084.4180934148,0.510748383562408,HOLD,regular,0.0,98974.14762356652,98974.14762356652,0.0,False,0,0
2025-05-14 23:00:00,103507.82,103971.01260060005,0.4474952719514748,HOLD,regular,0.0,98974.14762356652,98974.14762356652,0.0,False,0,0
2025-05-15 02:00:00,103047.62,103000.05414456382,-0.0461591014291961,HOLD,regular,0.0,98974.14762356652,98974.14762356652,0.0,False,0,0
2025-05-15 05:00:00,102375.31,102328.05914796684,-0.046154538660895104,HOLD,regular,0.0,98974.14762356652,98974.14762356652,0.0,False,0,0
2025-05-15 08:00:00,102274.65,101807.3445669724,-0.4569122778983764,HOLD,regular,0.0,98974.14762356652,98974.14762356652,0.0,False,0,0
2025-05-15 11:00:00,102371.61,102292.05097192092,-0.07771590979088677,HOLD,regular,0.0,98974.14762356652,98974.14762356652,0.0,False,0,0
2025-05-15 14:00:00,101987.65,102400.23718734669,0.40454622431901976,HOLD,regular,0.0,98974.14762356652,98974.14762356652,0.0,False,0,0
2025-05-15 17:00:00,103968.24,103459.60809621848,-0.4892185380665542,HOLD,regular,0.0,98974.14762356652,98974.14762356652,0.0,False,0,0
2025-05-15 20:00:00,103443.51,102894.16604718822,-0.5310569535118967,HOLD,regular,0.0,98974.14762356652,98974.14762356652,0.0,False,0,0
2025-05-15 23:00:00,103763.71,103811.04642475043,0.04561944127712996,HOLD,regular,0.0,98974.14762356652,98974.14762356652,0.0,False,0,0
2025-05-16 02:00:00,104199.8,104208.98402052622,0.008813856193785791,HOLD,regular,0.0,98974.14762356652,98974.14762356652,0.0,False,0,0
2025-05-16 05:00:00,103898.52,104334.86206832595,0.4199694743735969,HOLD,regular,0.0,98974.14762356652,98974.14762356652,0.0,False,0,0
2025-05-16 08:00:00,103388.6,104121.72578902556,0.7090973173304901,BUY,regular,0.4727315448869933,98926.77864091328,84595.1540356446,0.13861900253285836,True,1,0
2025-05-16 11:00:00,103651.71,104214.9999632368,0.5434449303699781,HOLD,regular,0.0,98963.25068666971,84595.1540356446,0.13861900253285836,False,1,3
2025-05-16 14:00:00,103578.7,104547.1095461372,0.9349504735406076,BUY,regular,0.6,98953.13011329478,84595.1540356446,0.13861900253285836,False,1,6
2025-05-16 17:00:00,103867.96,104159.65348037222,0.28083104777662965,HOLD,regular,0.0,98993.22704596743,84595.1540356446,0.13861900253285836,False,1,9
2025-05-16 20:00:00,103692.48,104145.53965127532,0.4369262373465515,HOLD,regular,0.0,98968.90218340297,84595.1540356446,0.13861900253285836,False,1,12
2025-05-16 23:00:00,103463.9,103930.11472695417,0.45060617950239135,HOLD,regular,0.0,98937.216651804,84595.1540356446,0.13861900253285836,False,1,15
2025-05-17 02:00:00,103286.01,103628.37044526413,0.33146836175018307,HOLD,regular,0.0,98883.92291007984,98883.92291007984,0.0,False,0,0
2025-05-17 05:00:00,103342.79,103792.29379945023,0.4349638706776104,HOLD,regular,0.0,98883.92291007984,98883.92291007984,0.0,False,0,0
2025-05-17 08:00:00,103426.06,103924.58740650193,0.4820133402567332,HOLD,regular,0.0,98883.92291007984,98883.92291007984,0.0,False,0,0
2025-05-17 11:00:00,102994.17,103177.34748470495,0.17785228494482047,HOLD,regular,0.0,98883.92291007984,98883.92291007984,0.0,False,0,0
2025-05-17 14:00:00,103124.8,103271.59163988399,0.14234368443283085,HOLD,regular,0.0,98883.92291007984,98883.92291007984,0.0,False,0,0
2025-05-17 17:00:00,103130.43,103461.2126740719,0.3207420681479781,HOLD,regular,0.0,98883.92291007984,98883.92291007984,0.0,False,0,0
2025-05-17 20:00:00,103372.04,103956.36910067423,0.565268036380279,HOLD,regular,0.0,98883.92291007984,98883.92291007984,0.0,False,0,0
2025-05-17 23:00:00,103126.65,103156.70926543811,0.029147912240064053,HOLD,regular,0.0,98883.92291007984,98883.92291007984,0.0,False,0,0
2025-05-18 02:00:00,103346.7,103784.34395059932,0.4234716257019513,HOLD,regular,0.0,98883.92291007984,98883.92291007984,0.0,False,0,0
2025-05-18 05:00:00,103648.2,104116.46909496064,0.45178700156939305,HOLD,regular,0.0,98883.92291007984,98883.92291007984,0.0,False,0,0
2025-05-18 08:00:00,103912.82,104235.67306910106,0.31069609033904844,HOLD,regular,0.0,98883.92291007984,98883.92291007984,0.0,False,0,0
2025-05-18 11:00:00,103800.54,104270.80059157417,0.45304252904096004,HOLD,regular,0.0,98883.92291007984,98883.92291007984,0.0,False,0,0
2025-05-18 14:00:00,105270.97,104404.91882588784,-0.8226875596493117,SELL,regular,0.639726101951733,98883.92291007984,98883.92291007984,0.0,False,0,0
2025-05-18 17:00:00,104836.67,104442.83805473518,-0.37566239490897013,HOLD,regular,0.0,98883.92291007984,98883.92291007984,0.0,False,0,0
2025-05-18 20:00:00,104053.05,104349.24305404403,0.2846558116691654,HOLD,regular,0.0,98883.92291007984,98883.92291007984,0.0,False,0,0
2025-05-18 23:00:00,106454.26,105171.20248928803,-1.2052664784969298,SELL,regular,0.6572897411064914,98883.92291007984,98883.92291007984,0.0,False,0,0
2025-05-19 02:00:00,104645.15,104633.87500132198,-0.010774506680922039,HOLD,regular,0.0,98883.92291007984,98883.92291007984,0.0,False,0,0
2025-05-19 05:00:00,103032.01,103101.98959677893,0.0679202480655668,HOLD,regular,0.0,98883.92291007984,98883.92291007984,0.0,False,0,0
2025-05-19 08:00:00,103233.9,103958.40132524792,0.7018056328860246,BUY,regular,0.46787042192401634,98836.8825159092,84604.67331958907,0.13786371721227356,True,1,0
2025-05-19 11:00:00,102963.41,103809.71331259693,0.8219456917723714,BUY,regular,0.5479637945149143,98799.59175904046,84604.67331958907,0.13786371721227356,False,1,3
2025-05-19 14:00:00,104328.11,104904.60127849306,0.5525752153403947,HOLD,regular,0.0,98987.73437392004,84604.67331958907,0.13786371721227356,False,1,6
2025-05-19 17:00:00,105380.95,105195.11936365187,-0.17634177367742865,HOLD,regular,0.0,99132.8828099498,84604.67331958907,0.13786371721227356,False,1,9
2025-05-19 20:00:00,105468.0,104876.60051247661,-0.5607383163835392,HOLD,regular,0.0,99144.88384653314,84604.67331958907,0.13786371721227356,False,1,12
2025-05-19 23:00:00,105573.74,105413.64019206003,-0.15164737740651452,HOLD,regular,0.0,99159.46155599116,84604.67331958907,0.13786371721227356,False,1,15
2025-05-20 02:00:00,106099.99,105279.70703309044,-0.7731225675983252,SELL,regular,0.5387192048788803,99232.01233717412,84604.67331958907,0.13786371721227356,False,1,18
2025-05-20 05:00:00,106105.26,105311.97844472199,-0.7476364086738099,SELL,regular,0.5126048017824947,99232.73887896384,84604.67331958907,0.13786371721227356,False,1,21
2025-05-20 08:00:00,105223.01,104999.56553604038,-0.21235323334660222,HOLD,regular,0.0,99111.1086144533,84604.67331958907,0.13786371721227356,False,1,24
2025-05-20 11:00:00,105203.76,104969.18635820637,-0.2229707776543612,HOLD,regular,0.0,99108.45473789697,84604.67331958907,0.13786371721227356,False,1,27
2025-05-20 14:00:00,104519.84,104141.81940471054,-0.3616735303933313,HOLD,regular,0.0,99014.16698442114,84604.67331958907,0.13786371721227356,False,1,30
2025-05-20 17:00:00,106200.31,104956.68359828147,-1.1710195589057426,SELL,regular,0.6130666312617562,99245.84282528485,84604.67331958907,0.13786371721227356,False,1,33
2025-05-20 20:00:00,106909.09,104744.41324696378,-2.0247826943772624,SELL,regular,0.6189295859991182,99314.08010166821,99314.08010166821,0.0,False,0,0
2025-05-20 23:00:00,106849.99,105168.17770897488,-1.5739938684366053,SELL,regular,0.6132061642834614,99314.08010166821,99314.08010166821,0.0,False,0,0
2025-05-21 02:00:00,106859.04,105185.91539474588,-1.5657305224285285,SELL,regular,0.6086320206382768,99314.08010166821,99314.08010166821,0.0,False,0,0
2025-05-21 05:00:00,107542.0,105253.75923354013,-2.1277647490839597,SELL,regular,0.6332323657002997,99314.08010166821,99314.08010166821,0.0,False,0,0
2025-05-21 08:00:00,106372.45,104978.36174654716,-1.310572665622382,SELL,regular,0.6,99314.08010166821,99314.08010166821,0.0,False,0,0
2025-05-21 11:00:00,106546.44,104741.79365938135,-1.693765029238567,SELL,regular,0.6,99314.08010166821,99314.08010166821,0.0,False,0,0
2025-05-21 14:00:00,108999.99,105276.11747687217,-3.4163971236399533,SELL,regular,0.6604392953986014,99314.08010166821,99314.08010166821,0.0,False,0,0
2025-05-21 17:00:00,106592.79,104295.12032358817,-2.155558247806277,SELL,regular,0.6,99314.08010166821,99314.08010166821,0.0,False,0,0
2025-05-21 20:00:00,108238.09,105301.77571104348,-2.7128289948173703,SELL,regular,0.6,99314.08010166821,99314.08010166821,0.0,False,0,0
2025-05-21 23:00:00,109643.99,105549.89443686124,-3.7339899461327173,SELL,regular,0.6304874574358498,99314.08010166821,99314.08010166821,0.0,False,0,0
2025-05-22 02:00:00,110471.51,105555.89460244728,-4.449667971002399,SELL,regular,0.648079406281339,99314.08010166821,99314.08010166821,0.0,False,0,0
2025-05-22 05:00:00,110879.99,105413.63310803627,-4.929975996537999,SELL,regular,0.6336607448701824,99314.08010166821,99314.08010166821,0.0,False,0,0
2025-05-22 08:00:00,110409.09,105259.50055865633,-4.664099161892976,SELL,regular,0.6069952764831624,99314.08010166821,99314.08010166821,0.0,False,0,0
2025-05-22 11:00:00,110981.97,105376.0423212898,-5.05120577577619,SELL,regular,0.6218559231563198,99314.08010166821,99314.08010166821,0.0,False,0,0
2025-05-22 14:00:00,110897.9,105277.79066905192,-5.067823043491426,SELL,regular,0.6063660705469454,99314.08010166821,99314.08010166821,0.0,False,0,0
2025-05-22 17:00:00,111502.31,105223.3014804549,-5.631281109373515,SELL,regular,0.6241736185176194,99314.08010166821,99314.08010166821,0.0,False,0,0
2025-05-22 20:00:00,111076.24,105049.42882411502,-5.425832901694354,SELL,regular,0.6,99314.08010166821,99314.08010166821,0.0,False,0,0
2025-05-22 23:00:00,111696.21,105248.82053454654,-5.772254461859956,SELL,regular,0.6179824828256574,99314.08010166821,99314.08010166821,0.0,False,0,0
2025-05-23 02:00:00,111272.72,105349.17944610267,-5.323443656178557,SELL,regular,0.6,99314.08010166821,99314.08010166821,0.0,False,0,0
2025-05-23 05:00:00,110855.47,105003.59278912502,-5.278834874702153,SELL,regular,0.6,99314.08010166821,99314.08010166821,0.0,False,0,0
2025-05-23 08:00:00,110935.24,105007.4066179363,-5.343507961999906,SELL,regular,0.6,99314.08010166821,99314.08010166821,0.0,False,0,0
2025-05-23 11:00:00,109076.35,102944.28769628619,-5.62180738878209,SELL,regular,0.6,99314.08010166821,99314.08010166821,0.0,False,0,0
2025-05-23 14:00:00,109672.01,104149.15365618576,-5.03579385826359,SELL,regular,0.6,99314.08010166821,99314.08010166821,0.0,False,0,0
2025-05-23 17:00:00,109413.03,104361.6368064333,-4.616811355618893,SELL,regular,0.6,99314.08010166821,99314.08010166821,0.0,False,0,0
2025-05-23 20:00:00,108236.53,103754.66850337666,-4.140803014124107,SELL,regular,0.6,99314.08010166821,99314.08010166821,0.0,False,0,0
2025-05-23 23:00:00,107318.3,103880.92204945874,-3.20297465627136,SELL,regular,0.6,99314.08010166821,99314.08010166821,0.0,False,0,0
2025-05-24 02:00:00,107803.84,104115.07498248323,-3.4217380545227014,SELL,regular,0.6,99314.08010166821,99314.08010166821,0.0,False,0,0
2025-05-24 05:00:00,108235.68,104340.76896239213,-3.5985462812335647,SELL,regular,0.6,99314.08010166821,99314.08010166821,0.0,False,0,0
2025-05-24 08:00:00,108251.23,104323.93720562926,-3.6279428828390516,SELL,regular,0.6,99314.08010166821,99314.08010166821,0.0,False,0,0
2025-05-24 11:00:00,109208.56,104111.83346119776,-4.666966159797579,SELL,regular,0.6,99314.08010166821,99314.08010166821,0.0,False,0,0
2025-05-24 14:00:00,108959.09,104229.91743520909,-4.340319439884185,SELL,regular,0.6,99314.08010166821,99314.08010166821,0.0,False,0,0
2025-05-24 17:00:00,108920.03,104447.1674386037,-4.106556490478652,SELL,regular,0.6,99314.08010166821,99314.08010166821,0.0,False,0,0
2025-05-24 20:00:00,108863.63,104434.02330978547,-4.068950015918576,SELL,regular,0.6,99314.08010166821,99314.08010166821,0.0,False,0,0
2025-05-24 23:00:00,107761.91,103651.47213098436,-3.8143699095679025,SELL,regular,0.6,99314.08010166821,99314.08010166821,0.0,False,0,0
2025-05-25 02:00:00,107928.8,104138.73485562217,-3.5116346557895883,SELL,regular,0.6,99314.08010166821,99314.08010166821,0.0,False,0,0
2025-05-25 05:00:00,108103.98,104175.44715485502,-3.6340316472575527,SELL,regular,0.6,99314.08010166821,99314.08010166821,0.0,False,0,0
2025-05-25 08:00:00,107109.41,103686.99667871921,-3.1952499050090872,SELL,regular,0.6,99314.08010166821,99314.08010166821,0.0,False,0,0
2025-05-25 11:00:00,107260.0,104104.34197911237,-2.942064162677257,SELL,regular,0.6,99314.08010166821,99314.08010166821,0.0,False,0,0
2025-05-25 14:00:00,107355.0,103991.51974993496,-3.13304480468077,SELL,regular,0.6,99314.08010166821,99314.08010166821,0.0,False,0,0
2025-05-25 17:00:00,107363.37,103980.5966119472,-3.150770498404434,SELL,regular,0.6,99314.08010166821,99314.08010166821,0.0,False,0,0
2025-05-25 20:00:00,107677.35,104347.24164797881,-3.0926730199259156,SELL,regular,0.6,99314.08010166821,99314.08010166821,0.0,False,0,0
2025-05-25 23:00:00,109004.19,104308.60746717939,-4.307708293434052,SELL,regular,0.6268197498450511,99314.08010166821,99314.08010166821,0.0,False,0,0
2025-05-26 02:00:00,109387.72,104992.3731460847,-4.018135540182477,SELL,regular,0.6348774135420181,99314.08010166821,99314.08010166821,0.0,False,0,0
2025-05-26 05:00:00,109650.01,104881.44842838132,-4.348892965553467,SELL,regular,0.6424325758909712,99314.08010166821,99314.08010166821,0.0,False,0,0
2025-05-26 08:00:00,109666.4,105351.79082856029,-3.9343036439964334,SELL,regular,0.6227027124930723,99314.08010166821,99314.08010166821,0.0,False,0,0
2025-05-26 11:00:00,109772.72,105518.82526634037,-3.8751838650437307,SELL,regular,0.6260295284289498,99314.08010166821,99314.08010166821,0.0,False,0,0
2025-05-26 14:00:00,109652.51,105306.18658581903,-3.9637245095264726,SELL,regular,0.6099691115545011,99314.08010166821,99314.08010166821,0.0,False,0,0
2025-05-26 17:00:00,109171.91,104682.98272466706,-4.111796958881586,SELL,regular,0.6,99314.08010166821,99314.08010166821,0.0,False,0,0
2025-05-26 20:00:00,109606.5,104955.68607642023,-4.243191711786958,SELL,regular,0.6,99314.08010166821,99314.08010166821,0.0,False,0,0
2025-05-26 23:00:00,109434.79,104996.45049157139,-4.055693357138623,SELL,regular,0.6,99314.08010166821,99314.08010166821,0.0,False,0,0
2025-05-27 02:00:00,108272.72,103572.39642094939,-4.341189155542241,SELL,regular,0.6,99314.08010166821,99314.08010166821,0.0,False,0,0
2025-05-27 05:00:00,108923.36,104796.16768617003,-3.7890791413613893,SELL,regular,0.6,99314.08010166821,99314.08010166821,0.0,False,0,0
2025-05-27 08:00:00,109695.65,105086.37657818952,-4.201874387735954,SELL,regular,0.6007074401027576,99314.08010166821,99314.08010166821,0.0,False,0,0
2025-05-27 11:00:00,109585.49,105012.67409072666,-4.172829732543368,SELL,regular,0.6,99314.08010166821,99314.08010166821,0.0,False,0,0
2025-05-27 14:00:00,109374.75,104667.52718980011,-4.3037564064831155,SELL,regular,0.6,99314.08010166821,99314.08010166821,0.0,False,0,0
2025-05-27 17:00:00,110232.46,104741.99178452053,-4.980808933665702,SELL,regular,0.6170405353436673,99314.08010166821,99314.08010166821,0.0,False,0,0
2025-05-27 20:00:00,109551.69,104606.86383494778,-4.513692271704999,SELL,regular,0.6,99314.08010166821,99314.08010166821,0.0,False,0,0
2025-05-27 23:00:00,108938.17,104040.24122012313,-4.49606302352689,SELL,regular,0.6,99314.08010166821,99314.08010166821,0.0,False,0,0
2025-05-28 02:00:00,108627.42,103525.70617038471,-4.696524901001316,SELL,regular,0.6,99314.08010166821,99314.08010166821,0.0,False,0,0
2025-05-28 05:00:00,109000.0,104020.93021678127,-4.567953929558467,SELL,regular,0.6,99314.08010166821,99314.08010166821,0.0,False,0,0
2025-05-28 08:00:00,109040.45,104292.99712556702,-4.353845636580711,SELL,regular,0.6,99314.08010166821,99314.08010166821,0.0,False,0,0
2025-05-28 11:00:00,108870.38,104287.98636964896,-4.209036131178234,SELL,regular,0.6,99314.08010166821,99314.08010166821,0.0,False,0,0
2025-05-28 14:00:00,107522.72,102781.49322289042,-4.4095115684476545,SELL,regular,0.6,99314.08010166821,99314.08010166821,0.0,False,0,0
2025-05-28 17:00:00,107679.01,103488.24366361473,-3.8919064508349983,SELL,regular,0.6,99314.08010166821,99314.08010166821,0.0,False,0,0
2025-05-28 20:00:00,107318.18,103619.05707624421,-3.446874447326432,SELL,regular,0.6,99314.08010166821,99314.08010166821,0.0,False,0,0
2025-05-28 23:00:00,107781.78,104081.8186669735,-3.432826339504226,SELL,regular,0.6,99314.08010166821,99314.08010166821,0.0,False,0,0
2025-05-29 02:00:00,108426.94,104131.19719228562,-3.9618777470934665,SELL,regular,0.6,99314.08010166821,99314.08010166821,0.0,False,0,0
2025-05-29 05:00:00,107681.81,103412.65663124868,-3.9646003059860475,SELL,regular,0.6,99314.08010166821,99314.08010166821,0.0,False,0,0
2025-05-29 08:00:00,108492.49,104036.1745932489,-4.107487446136691,SELL,regular,0.6,99314.08010166821,99314.08010166821,0.0,False,0,0
2025-05-29 11:00:00,108779.84,104555.23929275195,-3.8836246746162177,SELL,regular,0.6020489928913824,99314.08010166821,99314.08010166821,0.0,False,0,0
2025-05-29 14:00:00,107622.54,103662.78776259997,-3.679296397762054,SELL,regular,0.6,99314.08010166821,99314.08010166821,0.0,False,0,0
2025-05-29 17:00:00,106303.6,102681.52169202795,-3.407295997475209,SELL,regular,0.6,99314.08010166821,99314.08010166821,0.0,False,0,0
2025-05-29 20:00:00,106180.0,103556.8347082733,-2.470489067363633,SELL,regular,0.6,99314.08010166821,99314.08010166821,0.0,False,0,0
2025-05-29 23:00:00,105589.75,103468.0517017933,-2.0093790336720168,SELL,regular,0.6,99314.08010166821,99314.08010166821,0.0,False,0,0
2025-05-30 02:00:00,106000.0,103934.41376621297,-1.9486662582896557,SELL,regular,0.6,99314.08010166821,99314.08010166821,0.0,False,0,0
2025-05-30 05:00:00,106083.42,103576.581536993,-2.3630822450925812,SELL,regular,0.6,99314.08010166821,99314.08010166821,0.0,False,0,0
2025-05-30 08:00:00,105177.33,103151.03721717178,-1.9265489842993984,SELL,regular,0.6,99314.08010166821,99314.08010166821,0.0,False,0,0
2025-05-30 11:00:00,105880.51,103643.64897477948,-2.1126277397233078,SELL,regular,0.6,99314.08010166821,99314.08010166821,0.0,False,0,0
2025-05-30 14:00:00,105346.33,103434.9757462812,-1.81435295725898,SELL,regular,0.6,99314.08010166821,99314.08010166821,0.0,False,0,0
2025-05-30 17:00:00,104183.15,103031.31044837301,-1.1055910208387645,SELL,regular,0.6,99314.08010166821,99314.08010166821,0.0,False,0,0
2025-05-30 20:00:00,104580.0,103020.95869765105,-1.4907642975224256,SELL,regular,0.6,99314.08010166821,99314.08010166821,0.0,False,0,0
2025-05-30 23:00:00,103985.48,103302.84020683548,-0.6564760706634415,SELL,regular,0.43765071377562764,99314.08010166821,99314.08010166821,0.0,False,0,0
2025-05-31 02:00:00,103189.83,103154.58028138768,-0.03416007043748583,HOLD,regular,0.0,99314.08010166821,99314.08010166821,0.0,False,0,0
2025-05-31 05:00:00,103538.94,102777.25731868841,-0.7356485215239709,SELL,regular,0.4904323476826472,99314.08010166821,99314.08010166821,0.0,False,0,0
2025-05-31 08:00:00,103648.32,103239.43337418279,-0.3944942144910985,HOLD,regular,0.0,99314.08010166821,99314.08010166821,0.0,False,0,0
2025-05-31 11:00:00,103498.18,103494.23570619972,-0.003810978898639351,HOLD,regular,0.0,99314.08010166821,99314.08010166821,0.0,False,0,0
2025-05-31 14:00:00,104573.92,103502.85560843273,-1.0242175023823052,SELL,regular,0.6,99314.08010166821,99314.08010166821,0.0,False,0,0
2025-05-31 17:00:00,104349.06,104122.58637297725,-0.21703465946194822,HOLD,regular,0.0,99314.08010166821,99314.08010166821,0.0,False,0,0
2025-05-31 20:00:00,104781.83,104232.25830067028,-0.5244914116595641,HOLD,regular,0.0,99314.08010166821,99314.08010166821,0.0,False,0,0
2025-05-31 23:00:00,104591.88,104056.44452047012,-0.5119283442748002,HOLD,regular,0.0,99314.08010166821,99314.08010166821,0.0,False,0,0
2025-06-01 02:00:00,104195.12,104268.04584870652,0.06998969693256607,HOLD,regular,0.0,99314.08010166821,99314.08010166821,0.0,False,0,0
2025-06-01 05:00:00,104536.57,104480.76107613649,-0.05338698587825752,HOLD,regular,0.0,99314.08010166821,99314.08010166821,0.0,False,0,0
2025-06-01 08:00:00,104386.6,104362.7987320206,-0.02280107598044639,HOLD,regular,0.0,99314.08010166821,99314.08010166821,0.0,False,0,0
2025-06-01 11:00:00,104082.68,104377.40035864653,0.28315984815776557,HOLD,regular,0.0,99314.08010166821,99314.08010166821,0.0,False,0,0
2025-06-01 14:00:00,104599.7,104521.46535803255,-0.07479432729486143,HOLD,regular,0.0,99314.08010166821,99314.08010166821,0.0,False,0,0
2025-06-01 17:00:00,105066.33,104561.7177664462,-0.48027968004002314,HOLD,regular,0.0,99314.08010166821,99314.08010166821,0.0,False,0,0
2025-06-01 20:00:00,104948.91,104293.28461364977,-0.6247090954543837,SELL,regular,0.41695143519636546,99314.08010166821,99314.08010166821,0.0,False,0,0
2025-06-01 23:00:00,105642.93,104365.27472472258,-1.20940916280665,SELL,regular,0.6456553329111356,99314.08010166821,99314.08010166821,0.0,False,0,0
2025-06-02 02:00:00,105026.98,104230.01095082227,-0.7588231606561754,SELL,regular,0.5058821071041169,99314.08010166821,99314.08010166821,0.0,False,0,0
2025-06-02 05:00:00,104833.79,104097.64072106066,-0.7022061102048661,SELL,regular,0.46813740680324406,99314.08010166821,99314.08010166821,0.0,False,0,0
2025-06-02 08:00:00,105328.43,104299.28718572861,-0.9770798010293944,SELL,regular,0.6011229160562055,99314.08010166821,99314.08010166821,0.0,False,0,0
2025-06-02 11:00:00,104047.64,102692.10594917322,-1.302801342564602,SELL,regular,0.6,99314.08010166821,99314.08010166821,0.0,False,0,0
2025-06-02 14:00:00,104176.62,103776.10819354717,-0.38445459878888516,HOLD,regular,0.0,99314.08010166821,99314.08010166821,0.0,False,0,0
2025-06-02 17:00:00,104399.89,104156.37796755298,-0.23324931898589069,HOLD,regular,0.0,99314.08010166821,99314.08010166821,0.0,False,0,0
2025-06-02 20:00:00,104878.62,104324.48793890286,-0.5283555991651403,HOLD,regular,0.0,99314.08010166821,99314.08010166821,0.0,False,0,0
2025-06-02 23:00:00,105857.99,104370.27326949529,-1.4053891732732868,SELL,regular,0.6422041545308269,99314.08010166821,99314.08010166821,0.0,False,0,0
2025-06-03 02:00:00,105612.46,104218.89500806431,-1.31950812615831,SELL,regular,0.6,99314.08010166821,99314.08010166821,0.0,False,0,0
2025-06-03 05:00:00,105452.08,104473.4161513913,-0.9280650022348569,SELL,regular,0.6,99314.08010166821,99314.08010166821,0.0,False,0,0
2025-06-03 08:00:00,105094.93,104534.12562084425,-0.533616968159875,HOLD,regular,0.0,99314.08010166821,99314.08010166821,0.0,False,0,0
2025-06-03 11:00:00,105287.24,104334.71956006534,-0.9046874435446017,SELL,regular,0.6,99314.08010166821,99314.08010166821,0.0,False,0,0
2025-06-03 14:00:00,106550.01,104873.8438237219,-1.5731262496156504,SELL,regular,0.6502816289737985,99314.08010166821,99314.08010166821,0.0,False,0,0
